date,ten_yr,three_mo
2010-01-01,39.74,51.81
2010-01-01,,38.14
2010-01-04,,37.58
2010-01-04,42.09,51.83
2010-01-05,,37.18
2010-01-05,41.88,52.56
2010-01-06,41.52,53.3
2010-01-06,,36.89
2010-01-07,41.3,53.53
2010-01-07,,36.59
2010-01-08,41.25,53.3
2010-01-08,,36.55
2010-01-11,,36.63
2010-01-11,40.32,52.84
2010-01-12,,36.53
2010-01-12,39.47,51.39
2010-01-13,39.38,50.7
2010-01-13,,36.27
2010-01-14,39.39,51.27
2010-01-14,,35.44
2010-01-15,,34.88
2010-01-15,39.46,51.79
2010-01-18,39.18,51.89
2010-01-18,,33.71
2010-01-19,39.26,51.61
2010-01-19,,31.55
2010-01-20,39.34,51.73
2010-01-20,,30.75
2010-01-21,39.54,52.01
2010-01-21,,30.54
2010-01-22,,30.05
2010-01-22,40.06,52.0
2010-01-25,,29.39
2010-01-25,40.73,51.92
2010-01-26,41.37,51.83
2010-01-26,,29.06
2010-01-27,,28.45
2010-01-27,41.6,51.65
2010-01-28,,27.85
2010-01-28,42.46,51.36
2010-01-29,,27.27
2010-01-29,43.18,50.4
2010-02-01,43.69,49.7
2010-02-01,,26.69
2010-02-02,44.3,49.29
2010-02-02,,26.34
2010-02-03,44.99,49.02
2010-02-03,,26.05
2010-02-04,,25.92
2010-02-04,45.88,48.68
2010-02-05,,25.83
2010-02-05,46.29,48.41
2010-02-08,46.36,48.11
2010-02-08,,25.83
2010-02-09,,25.73
2010-02-09,46.39,48.05
2010-02-10,46.42,48.05
2010-02-11,,25.39
2010-02-11,46.52,47.97
2010-02-12,,25.26
2010-02-12,46.18,47.85
2010-02-15,45.82,47.95
2010-02-15,,24.91
2010-02-16,45.22,47.8
2010-02-16,,24.58
2010-02-17,,24.27
2010-02-17,44.57,47.74
2010-02-18,43.58,47.41
2010-02-18,,24.16
2010-02-19,42.23,46.84
2010-02-19,,23.91
2010-02-22,40.58,46.33
2010-02-22,,23.26
2010-02-23,38.78,46.0
2010-02-23,,22.75
2010-02-24,36.96,45.63
2010-02-24,,22.32
2010-02-25,,21.81
2010-02-25,35.06,44.92
2010-02-26,,21.19
2010-02-26,33.28,44.18
2010-03-01,,21.03
2010-03-01,31.7,42.82
2010-03-02,,20.77
2010-03-02,29.81,41.64
2010-03-03,28.42,40.64
2010-03-03,,20.68
2010-03-04,,20.42
2010-03-04,26.93,39.53
2010-03-05,26.19,38.55
2010-03-05,,20.64
2010-03-08,,20.41
2010-03-08,25.55,37.89
2010-03-09,24.93,37.42
2010-03-09,,20.09
2010-03-10,24.23,36.94
2010-03-11,23.72,36.14
2010-03-11,,20.85
2010-03-12,23.08,35.82
2010-03-12,,21.45
2010-03-15,23.06,35.47
2010-03-15,,21.92
2010-03-16,22.93,35.56
2010-03-16,,22.14
2010-03-17,23.25,35.77
2010-03-17,,22.88
2010-03-18,,23.16
2010-03-18,23.35,36.05
2010-03-19,24.17,36.14
2010-03-19,,23.24
2010-03-22,,23.13
2010-03-22,24.73,36.26
2010-03-23,,23.17
2010-03-23,25.46,36.4
2010-03-24,,22.57
2010-03-24,25.98,36.62
2010-03-25,26.31,37.05
2010-03-25,,22.52
2010-03-26,,22.62
2010-03-26,26.58,37.18
2010-03-29,,22.21
2010-03-29,27.06,37.16
2010-03-30,27.52,38.17
2010-03-30,,21.89
2010-03-31,,21.47
2010-03-31,28.2,37.73
2010-04-01,28.44,38.08
2010-04-01,,21.25
2010-04-02,,21.45
2010-04-02,29.0,38.07
2010-04-05,28.95,37.85
2010-04-05,,21.04
2010-04-06,,21.14
2010-04-06,28.68,38.03
2010-04-07,,21.28
2010-04-07,28.0,37.99
2010-04-08,,21.45
2010-04-08,27.1,38.13
2010-04-09,,21.94
2010-04-09,26.48,38.24
2010-04-12,25.9,38.24
2010-04-12,,22.63
2010-04-13,,23.39
2010-04-13,25.27,37.88
2010-04-14,25.02,37.43
2010-04-14,,24.09
2010-04-15,24.58,37.1
2010-04-15,,24.56
2010-04-16,24.02,36.04
2010-04-16,,25.13
2010-04-19,23.9,35.9
2010-04-19,,26.09
2010-04-20,23.73,35.6
2010-04-20,,27.18
2010-04-21,,27.83
2010-04-21,23.52,35.53
2010-04-22,,28.76
2010-04-22,24.14,35.09
2010-04-23,24.73,34.64
2010-04-23,,29.36
2010-04-26,25.36,34.57
2010-04-26,,30.27
2010-04-27,26.27,34.34
2010-04-27,,31.59
2010-04-28,26.92,34.03
2010-04-28,,33.89
2010-04-29,27.06,33.89
2010-04-29,,36.27
2010-04-30,,37.26
2010-04-30,27.38,34.17
2010-05-03,27.7,34.99
2010-05-03,,38.42
2010-05-04,28.33,35.47
2010-05-04,,39.8
2010-05-05,29.23,36.18
2010-05-05,,40.93
2010-05-06,29.67,37.32
2010-05-06,,41.66
2010-05-07,,42.21
2010-05-07,29.87,37.52
2010-05-10,29.94,38.01
2010-05-11,29.56,38.79
2010-05-11,,43.51
2010-05-12,29.68,39.74
2010-05-12,,44.62
2010-05-13,,46.01
2010-05-13,29.52,40.56
2010-05-14,,47.27
2010-05-14,29.73,41.22
2010-05-17,29.83,41.54
2010-05-17,,48.74
2010-05-18,29.95,42.02
2010-05-18,,49.25
2010-05-19,29.2,41.94
2010-05-19,,49.73
2010-05-20,28.28,41.49
2010-05-20,,50.0
2010-05-21,,50.6
2010-05-21,26.64,41.25
2010-05-24,,51.48
2010-05-24,24.99,40.81
2010-05-25,24.05,39.87
2010-05-26,23.44,39.69
2010-05-27,23.37,38.99
2010-05-28,23.03,38.39
2010-05-31,22.55,37.26
2010-06-01,22.81,36.56
2010-06-02,22.71,36.25
2010-06-03,22.93,36.0
2010-06-04,23.05,35.73
2010-06-07,23.92,35.58
2010-06-08,24.85,35.68
2010-06-09,26.58,36.14
2010-06-10,28.62,36.59
2010-06-11,30.45,36.87
2010-06-14,31.36,37.03
2010-06-15,32.4,37.59
2010-06-16,32.53,38.56
2010-06-17,34.32,39.35
2010-06-18,35.09,39.73
2010-06-21,35.94,39.81
2010-06-22,36.63,40.57
2010-06-23,37.61,41.41
2010-06-24,38.22,42.6
2010-06-25,39.04,43.66
2010-06-28,39.6,44.32
2010-06-29,39.93,45.32
2010-06-30,39.57,46.59
2010-07-01,40.51,47.45
2010-07-02,41.08,48.23
2010-07-05,42.68,48.63
2010-07-06,41.97,49.82
2010-07-07,42.21,50.79
2010-07-08,42.08,51.35
2010-07-09,41.01,51.2
2010-07-12,40.48,51.32
2010-07-13,40.71,50.86
2010-07-14,39.86,50.96
2010-07-15,39.39,51.14
2010-07-16,38.62,51.04
2010-07-19,38.37,50.77
2010-07-20,37.9,51.18
2010-07-21,36.67,51.83
2010-07-22,35.63,51.91
2010-07-23,35.03,51.66
2010-07-26,34.13,51.52
2010-07-27,33.09,51.98
2010-07-28,33.59,52.7
2010-07-29,32.74,52.71
2010-07-30,31.8,52.72
2010-08-02,31.7,51.79
2010-08-03,31.62,50.99
2010-08-04,31.57,50.46
2010-08-05,30.81,49.9
2010-08-06,29.83,48.85
2010-08-09,29.63,47.31
2010-08-10,29.49,46.19
2010-08-11,29.94,45.27
2011-01-03,30.08,45.1
2011-01-04,30.66,44.09
2011-01-05,30.89,43.45
2011-01-06,31.71,42.97
2011-01-07,31.91,42.64
2011-01-10,32.08,43.05
2011-01-11,32.05,42.78
2011-01-12,31.9,41.7
2011-01-13,32.51,41.64
2011-01-14,33.14,41.31
2011-01-17,33.97,40.86
2011-01-18,34.17,40.66
2011-01-19,34.08,40.41
2011-01-20,34.46,39.26
2011-01-21,34.6,38.84
2011-01-24,34.04,38.1
2011-01-25,33.64,37.79
2011-01-26,33.08,37.64
2011-01-27,32.35,36.31
2011-01-28,31.77,36.45
2011-01-31,30.92,36.54
2011-02-01,30.23,36.12
2011-02-02,29.46,36.31
2011-02-03,28.54,36.92
2011-02-04,28.08,37.45
2011-02-07,27.53,37.71
2011-02-08,26.28,38.06
2011-02-09,25.43,38.73
2011-02-10,25.15,39.59
2011-02-11,25.36,40.43
2011-02-14,25.71,40.81
2011-02-15,25.78,41.51
2011-02-16,25.91,41.53
2011-02-17,26.77,41.97
2011-02-18,26.93,41.98
2011-02-21,27.38,41.18
2011-02-22,27.4,40.98
2011-02-23,27.34,40.52
2011-02-24,27.35,40.53
2011-02-25,27.43,40.34
2011-02-28,27.38,39.9
2011-03-01,27.6,39.46
2011-03-02,28.05,39.07
2011-03-03,28.08,39.31
2011-03-04,28.68,39.8
2011-03-07,28.9,40.23
2011-03-08,29.36,40.94
2011-03-09,29.72,41.58
2011-03-10,29.99,42.28
2011-03-11,30.41,42.34
2011-03-14,31.09,42.25
2011-03-15,31.36,41.85
2011-03-16,31.7,41.89
2011-03-17,31.98,41.83
2011-03-18,31.8,41.46
2011-03-21,30.84,40.41
2011-03-22,30.9,39.43
2011-03-23,30.46,38.34
2011-03-24,30.26,37.52
2011-03-25,29.52,36.39
2011-03-28,29.23,35.32
2011-03-29,28.68,34.6
2011-03-30,28.29,33.77
2011-03-31,27.59,33.28
2011-04-01,27.05,32.98
2011-04-04,26.77,32.67
2011-04-05,26.38,32.22
2011-04-06,25.92,32.88
2011-04-07,25.46,32.38
2011-04-08,24.67,31.83
2011-04-11,24.09,31.49
2011-04-12,23.49,30.76
2011-04-13,23.09,30.18
2011-04-14,22.18,29.71
2011-04-15,21.18,29.36
2011-04-18,20.47,29.02
2011-04-19,19.81,28.97
2011-04-20,19.39,28.74
2011-04-21,19.06,28.23
2011-04-22,18.65,27.89
2011-04-25,18.14,26.99
2011-04-26,17.72,27.09
2011-04-27,17.42,27.1
2011-04-28,17.37,27.55
2011-04-29,16.79,28.13
2011-05-02,16.37,28.31
2011-05-03,16.35,28.55
2011-05-04,16.39,28.91
2011-05-05,16.45,29.35
2011-05-06,16.33,29.56
2011-05-09,16.03,29.8
2011-05-10,15.5,30.11
2011-05-11,15.7,30.14
2011-05-12,16.11,29.68
2011-05-13,16.51,30.69
2011-05-16,16.93,30.82
2011-05-17,16.86,31.04
2011-05-18,17.39,31.41
2011-05-19,17.59,32.17
2011-05-20,17.71,33.0
2011-05-23,18.03,32.98
2011-05-24,18.3,32.92
2011-05-25,18.13,33.48
2011-05-26,18.46,34.05
2011-05-27,19.17,34.35
2011-05-30,19.82,34.31
2011-05-31,19.91,34.49
2011-06-01,19.92,33.73
2011-06-02,19.96,34.06
2011-06-03,20.27,33.7
2011-06-06,20.29,32.96
2011-06-07,20.78,32.56
2011-06-08,21.11,32.47
2011-06-09,21.57,32.8
2011-06-10,21.29,33.29
2011-06-13,22.01,32.87
2011-06-14,22.19,32.74
2011-06-15,22.0,33.03
2011-06-16,21.56,34.21
2011-06-17,21.29,35.77
2011-06-20,20.94,36.49
2011-06-21,20.41,36.87
2011-06-22,19.77,37.59
2011-06-23,19.82,37.81
2011-06-24,19.43,38.32
2011-06-27,19.54,38.22
2011-06-28,19.44,38.59
2011-06-29,19.64,38.94
2011-06-30,19.53,39.11
2011-07-01,19.68,39.98
2011-07-04,19.67,40.47
2011-07-05,19.47,40.02
2011-07-06,19.71,39.92
2011-07-07,20.11,40.59
2011-07-08,20.64,41.13
2011-07-11,21.32,41.17
2011-07-12,21.18,41.81
2011-07-13,20.88,41.73
2011-07-14,20.06,41.46
2011-07-15,19.37,41.57
2011-07-18,18.87,41.86
2011-07-19,18.42,41.9
2011-07-20,17.89,40.54
2011-07-21,17.02,41.05
2011-07-22,15.21,42.01
2011-07-25,13.26,42.39
2011-07-26,12.0,43.81
2011-07-27,9.97,45.16
2011-07-28,8.18,47.61
2011-07-29,7.65,50.93
2011-08-01,7.37,54.52
2011-08-02,7.01,58.1
2011-08-03,6.37,61.65
2011-08-04,4.99,65.15
2011-08-05,3.42,68.46
2011-08-08,1.59,72.92
2011-08-09,0.4,75.55
2011-08-10,-0.09,78.28
2011-08-11,-0.45,81.12
2011-08-12,-1.1,83.11
2011-08-15,-0.97,85.17
2011-08-16,-0.72,86.45
2011-08-17,-0.86,86.36
2011-08-18,-1.56,86.17
2011-08-19,-1.84,86.91
2011-08-22,-1.85,87.08
2011-08-23,-1.3,87.08
2011-08-24,-0.86,87.73
2011-08-25,0.05,87.03
2011-08-26,1.01,86.16
2011-08-29,1.79,85.37
2011-08-30,2.23,83.65
2011-08-31,2.08,83.07
2011-09-01,2.66,81.83
2011-09-02,3.43,80.89
2011-09-05,4.36,80.32
2011-09-06,5.77,79.0
2011-09-07,6.86,78.65
2011-09-08,7.5,77.86
2011-09-09,8.42,76.75
2011-09-12,9.78,75.72
2011-09-13,11.17,75.12
2011-09-14,12.32,75.17
2011-09-15,14.37,75.23
2011-09-16,16.71,75.68
2011-09-19,18.96,74.85
2011-09-20,19.88,74.93
2011-09-21,20.42,74.79
2011-09-22,20.43,74.97
2011-09-23,20.2,76.07
2011-09-26,21.51,75.71
2011-09-27,23.14,75.77
2011-09-28,24.4,76.07
2011-09-29,25.58,76.43
2011-09-30,26.15,76.93
2011-10-03,27.07,77.28
2011-10-04,26.59,76.89
2011-10-05,27.12,76.91
2011-10-06,27.87,76.86
2011-10-07,29.25,76.8
2011-10-10,30.53,76.29
2011-10-11,31.11,76.58
2011-10-12,32.1,76.58
2011-10-13,31.28,76.48
2011-10-14,30.5,76.33
2011-10-17,29.78,76.03
2011-10-18,29.71,76.01
2011-10-19,29.45,76.32
2011-10-20,28.88,75.93
2011-10-21,29.45,76.49
2011-10-24,28.38,77.38
2011-10-25,27.29,78.76
2011-10-26,25.99,79.93
2011-10-27,24.57,81.32
2011-10-28,22.97,81.55
2011-10-31,22.29,81.34
2011-11-01,22.41,81.67
2011-11-02,22.01,81.67
2011-11-03,21.5,82.29
2011-11-04,21.48,82.95
2011-11-07,21.91,83.06
2011-11-08,22.65,84.28
2011-11-09,23.01,84.91
2011-11-10,24.18,84.65
2011-11-11,25.43,84.65
2011-11-14,26.89,84.07
2011-11-15,28.57,83.88
2011-11-16,31.73,83.59
2011-11-17,33.05,83.85
2011-11-18,34.57,84.22
2011-11-21,36.87,85.15
2011-11-22,38.79,85.22
2011-11-23,39.1,85.13
2011-11-24,39.46,85.28
2011-11-25,39.44,84.88
2011-11-28,39.36,84.34
2011-11-29,39.06,83.54
2011-11-30,38.78,82.78
2011-12-01,37.96,82.7
2011-12-02,37.17,82.9
2011-12-05,35.94,83.74
2011-12-06,34.41,84.7
2011-12-07,32.35,84.85
2011-12-08,30.65,84.51
2011-12-09,29.33,84.91
2011-12-12,28.54,85.02
2011-12-13,28.06,85.15
2011-12-14,28.13,85.34
2011-12-15,28.39,86.09
2011-12-16,28.81,87.62
2011-12-19,29.25,88.06
2011-12-20,30.23,88.23
2011-12-21,30.79,87.9
2011-12-22,30.76,87.1
2011-12-23,31.81,86.04
2011-12-26,33.2,84.8
2011-12-27,33.82,83.63
2011-12-28,34.75,82.39
2011-12-29,35.41,80.78
2011-12-30,35.59,79.24
2012-01-02,35.44,77.48
2012-01-03,35.46,75.17
2012-01-04,35.16,72.61
2012-01-05,34.99,70.5
2012-01-06,34.8,68.7
2012-01-09,34.36,66.52
2012-01-10,34.0,64.37
2012-01-11,33.43,62.31
2012-01-12,32.28,60.5
2012-01-13,31.29,58.88
2012-01-16,30.35,57.06
2012-01-17,29.48,55.72
2012-01-18,28.78,54.17
2012-01-19,28.02,53.04
2012-01-20,27.14,52.37
2012-01-23,26.54,52.43
2012-01-24,25.27,52.06
2012-01-25,23.81,51.08
2012-01-26,22.44,50.53
2012-01-27,20.98,50.44
2012-01-30,19.63,50.15
2012-01-31,18.46,49.71
2012-02-01,17.08,48.94
2012-02-02,15.97,48.24
2012-02-03,14.87,47.34
2012-02-06,13.93,46.79
2012-02-07,12.95,45.94
2012-02-08,11.94,45.47
2012-02-09,10.98,43.93
2012-02-10,10.36,42.53
2012-02-13,10.2,41.72
2012-02-14,10.54,40.97
2012-02-15,11.2,40.13
2012-02-16,12.17,39.36
2012-02-17,13.25,38.76
2012-02-20,14.13,38.38
2012-02-21,14.83,37.93
2012-02-22,15.43,37.91
2012-02-23,16.39,37.77
2012-02-24,17.21,37.48
2012-02-27,17.89,37.15
2012-02-28,18.38,37.4
2012-02-29,19.21,37.68
2012-03-01,19.67,37.76
2012-03-02,19.64,37.73
2012-03-05,19.2,37.54
2012-03-06,18.18,37.67
2012-03-07,17.32,37.8
2012-03-08,17.2,37.75
2012-03-09,16.29,37.77
2012-03-12,16.23,37.68
2012-03-13,16.0,37.65
2012-03-14,16.0,38.0
2012-03-15,15.99,38.22
2012-03-16,15.8,37.34
2012-03-19,15.73,36.91
2012-03-20,15.58,36.79
2012-03-21,15.64,36.95
2012-03-22,15.72,37.02
2012-03-23,16.75,36.71
2012-03-26,16.23,36.61
2012-03-27,16.56,37.09
2012-03-28,17.43,38.13
2012-03-29,19.46,39.09
2012-03-30,19.88,39.85
2012-04-02,19.78,40.75
2012-04-03,20.08,41.24
2012-04-04,20.54,42.19
2012-04-05,20.78,42.96
2012-04-06,20.77,44.31
2012-04-09,21.04,45.13
2012-04-10,21.59,45.54
2012-04-11,21.37,46.59
2012-04-12,22.57,46.95
2012-04-13,22.52,47.02
2012-04-16,22.45,46.27
2012-04-17,20.73,45.53
2012-04-18,20.13,44.86
2012-04-19,20.24,43.94
2012-04-20,19.73,43.18
2012-04-23,18.27,42.93
2012-04-24,17.75,42.66
2012-04-25,17.72,41.65
2012-04-26,17.68,40.91
2012-04-27,17.9,40.59
2012-04-30,18.44,39.69
2012-05-01,18.96,39.55
2012-05-02,19.39,39.15
2012-05-03,19.76,39.19
2012-05-04,20.09,39.29
2012-05-07,20.43,39.38
2012-05-08,20.96,39.62
2012-05-09,20.97,39.93
2012-05-10,22.63,40.63
2012-05-11,23.32,40.94
2012-05-14,24.93,41.3
2012-05-15,26.49,42.12
2012-05-16,27.44,42.85
2012-05-17,28.54,43.67
2012-05-18,29.02,44.33
2012-05-21,30.29,45.41
2012-05-22,32.32,46.4
2012-05-23,33.86,47.37
2012-05-24,35.44,48.61
2012-05-25,36.03,49.47
2012-05-28,37.06,50.19
2012-05-29,37.02,50.34
2012-05-30,37.89,50.87
2012-05-31,37.56,51.44
2012-06-01,37.81,51.55
2012-06-04,37.71,51.78
2012-06-05,38.08,52.09
2012-06-06,38.25,52.39
2012-06-07,37.88,52.66
2012-06-08,36.88,52.46
2012-06-11,35.76,52.18
2012-06-12,34.79,51.66
2012-06-13,34.85,51.42
2012-06-14,34.98,51.33
2012-06-15,35.72,51.26
2012-06-18,35.35,51.08
2012-06-19,35.41,51.02
2012-06-20,34.68,50.95
2012-06-21,34.04,50.85
2012-06-22,32.47,50.51
2012-06-25,31.41,50.25
2012-06-26,31.1,49.97
2012-06-27,30.86,49.9
2012-06-28,31.26,49.91
2012-06-29,31.25,49.81
2012-07-02,30.93,49.59
2012-07-03,30.57,49.36
2012-07-04,30.13,49.14
2012-07-05,29.55,48.93
2012-07-06,28.6,48.5
2012-07-09,27.62,48.0
2012-07-10,27.21,47.58
2012-07-11,26.75,47.3
2012-07-12,26.81,46.95
2012-07-13,25.87,46.7
2012-07-16,25.38,46.52
2012-07-17,24.96,46.2
2012-07-18,24.67,45.69
2012-07-19,23.97,45.17
2012-07-20,24.07,44.45
2012-07-23,23.93,43.87
2012-07-24,23.55,43.31
2012-07-25,23.88,43.06
2012-07-26,24.38,43.01
2012-07-27,24.84,42.67
2012-07-30,25.71,42.24
2012-07-31,26.21,42.04
2012-08-01,26.79,41.6
2012-08-02,27.17,41.34
2012-08-03,27.14,41.18
2012-08-06,27.11,41.09
2012-08-07,26.98,41.35
2012-08-08,26.84,41.79
2012-08-09,26.87,42.09
2012-08-10,27.44,42.31
2012-08-13,27.65,42.07
2012-08-14,27.71,41.65
2012-08-15,27.64,41.49
2012-08-16,27.13,41.36
2012-08-17,27.0,40.89
2012-08-20,27.0,40.54
2012-08-21,26.76,40.15
2012-08-22,26.81,39.86
2012-08-23,27.12,39.71
2012-08-24,28.17,39.13
2012-08-27,28.81,38.42
2012-08-28,29.48,37.76
2012-08-29,30.04,36.86
2012-08-30,30.4,36.81
2012-08-31,30.83,36.9
2012-09-03,31.44,36.23
2012-09-04,32.32,35.49
2012-09-05,32.94,34.9
2012-09-06,33.14,34.08
2012-09-07,33.64,33.25
2012-09-10,34.11,32.41
2012-09-11,34.47,31.44
2012-09-12,34.34,30.82
2012-09-13,34.31,30.32
2012-09-14,34.28,29.83
2012-09-17,34.25,29.71
2012-09-18,34.18,29.78
2012-09-19,34.25,29.51
2012-09-20,34.15,30.35
2012-09-21,34.31,31.02
2012-09-24,34.25,31.46
2012-09-25,34.4,32.24
2012-09-26,34.03,32.8
2012-09-27,33.53,33.35
2012-09-28,33.02,34.04
2012-10-01,32.73,34.58
2012-10-02,32.49,35.14
2012-10-03,32.28,35.69
2012-10-04,32.21,36.06
2012-10-05,31.97,35.49
2012-10-08,31.35,35.13
2012-10-09,30.62,34.58
2012-10-10,29.9,34.08
2012-10-11,29.59,33.96
2012-10-12,29.43,33.67
2012-10-15,29.45,33.53
2012-10-16,29.15,33.32
2012-10-17,28.93,33.04
2012-10-18,28.62,32.7
2012-10-19,28.16,32.37
2012-10-22,27.61,32.13
2012-10-23,27.01,32.12
2012-10-24,26.38,32.24
2012-10-25,25.88,32.46
2012-10-26,25.84,32.44
2012-10-29,25.06,32.55
2012-10-30,24.58,32.57
2012-10-31,24.34,32.92
2012-11-01,24.19,33.07
2012-11-02,24.26,33.18
2012-11-05,24.49,33.31
2012-11-06,24.86,33.58
2012-11-07,25.27,34.09
2012-11-08,25.88,34.69
2012-11-09,26.46,35.01
2012-11-12,27.14,35.33
2012-11-13,27.93,35.69
2012-11-14,28.55,36.29
2012-11-15,29.29,36.96
2012-11-16,29.87,37.39
2012-11-19,30.12,37.54
2012-11-20,30.51,37.88
2012-11-21,30.58,38.01
2012-11-22,30.84,38.04
2012-11-23,30.73,37.94
2012-11-26,31.07,37.72
2012-11-27,31.26,37.28
2012-11-28,31.16,37.16
2012-11-29,31.43,36.83
2012-11-30,31.38,36.6
2012-12-03,31.81,36.22
2012-12-04,32.39,35.78
2012-12-05,32.56,35.5
2012-12-06,33.01,35.26
2012-12-07,32.92,35.1
2012-12-10,33.14,35.18
2012-12-11,33.2,35.51
2012-12-12,33.49,35.56
2012-12-13,33.5,35.83
2012-12-14,32.74,36.16
2012-12-17,32.27,36.35
2012-12-18,31.77,36.51
2012-12-19,32.03,35.83
2012-12-20,31.75,36.03
2012-12-21,31.04,36.04
2012-12-24,30.45,35.87
2012-12-25,29.32,35.23
2012-12-26,28.7,34.62
2012-12-27,28.28,34.04
2012-12-28,27.74,33.3
2012-12-31,27.22,32.81
2013-01-01,26.55,32.13
2013-01-02,26.91,31.23
2013-01-03,27.65,30.15
2013-01-04,28.08,29.09
2013-01-07,27.93,28.79
2013-01-08,28.25,27.66
2013-01-09,29.01,26.42
2013-01-10,29.88,25.45
2013-01-11,31.1,24.96
2013-01-14,31.62,24.57
2013-01-15,32.85,23.95
2013-01-16,33.85,23.51
2013-01-17,34.72,22.93
2013-01-18,36.61,22.02
2013-01-21,37.1,21.91
2013-01-22,37.66,21.37
2013-01-23,38.06,21.09
2013-01-24,38.09,21.16
2013-01-25,37.82,21.16
2013-01-28,37.7,21.22
2013-01-29,37.52,21.25
2013-01-30,37.58,21.57
2013-01-31,38.14,21.46
2013-02-01,38.03,21.55
2013-02-04,38.01,21.65
2013-02-05,38.1,21.5
2013-02-06,36.58,21.68
2013-02-07,35.89,21.45
2013-02-08,34.75,21.47
2013-02-11,34.27,21.34
2013-02-12,34.26,20.86
2013-02-13,34.27,20.53
2013-02-14,34.21,20.33
2013-02-15,34.58,20.29
2013-02-18,34.39,19.99
2013-02-19,34.01,20.24
2013-02-20,33.73,20.03
2013-02-21,33.52,19.79
2013-02-22,33.22,20.35
2013-02-25,33.39,20.42
2013-02-26,33.51,20.32
2013-02-27,33.43,20.31
2013-02-28,32.81,20.57
2013-03-01,32.09,20.64
2013-03-04,31.4,20.48
2013-03-05,30.91,20.75
2013-03-06,29.83,20.55
2013-03-07,29.23,20.47
2013-03-08,28.76,20.25
2013-03-11,28.14,20.79
2013-03-12,27.45,21.1
2013-03-13,27.01,21.14
2013-03-14,26.65,21.54
2013-03-15,26.63,21.76
2013-03-18,26.95,22.3
2013-03-19,27.29,22.76
2013-03-20,27.81,23.15
2013-03-21,29.06,23.85
2013-03-22,30.32,24.21
2013-03-25,30.6,24.68
2013-03-26,30.85,24.99
2013-03-27,31.17,24.99
2013-03-28,31.41,24.68
2013-03-29,31.64,24.65
2013-04-01,31.87,24.19
2013-04-02,32.0,23.84
2013-04-03,32.19,23.84
2013-04-04,32.48,24.01
2013-04-05,32.93,23.89
2013-04-08,33.22,24.06
2013-04-09,32.77,23.92
2013-04-10,32.1,23.83
2013-04-11,32.27,23.86
2013-04-12,32.32,23.71
2013-04-15,32.32,23.86
2013-04-16,32.3,23.8
2013-04-17,32.64,23.77
2013-04-18,32.63,24.1
2013-04-19,32.62,24.34
2013-04-22,32.42,24.4
2013-04-23,32.09,24.4
2013-04-24,31.65,24.5
2013-04-25,30.82,24.36
2013-04-26,29.75,24.18
2013-04-29,28.65,24.04
2013-04-30,27.86,23.81
2013-05-01,26.28,23.65
2013-05-02,25.11,23.66
2013-05-03,24.14,23.51
2013-05-06,22.88,23.48
2013-05-07,21.74,23.36
2013-05-08,20.82,23.2
2013-05-09,20.03,23.21
2013-05-10,17.92,23.07
2013-05-13,17.19,22.86
2013-05-14,16.51,22.98
2013-05-15,16.33,22.84
2013-05-16,16.31,22.85
2013-05-17,16.31,22.79
2013-05-20,16.59,22.88
2013-05-21,16.92,22.59
2013-05-22,17.22,22.77
2013-05-23,17.6,22.56
2013-05-24,17.87,22.43
2013-05-27,18.16,22.19
2013-05-28,18.77,21.97
2013-05-29,20.47,21.66
2013-05-30,20.53,21.31
2013-05-31,20.98,20.96
2013-06-03,21.38,20.91
2013-06-04,21.47,20.84
2013-06-05,21.57,20.87
2013-06-06,22.24,20.75
2013-06-07,22.51,20.48
2013-06-10,22.77,20.02
2013-06-11,22.98,19.78
2013-06-12,24.54,19.69
2013-06-13,25.68,19.76
2013-06-14,26.47,19.82
2013-06-17,27.83,19.68
2013-06-18,29.19,19.73
2013-06-19,30.52,19.51
2013-06-20,31.54,19.5
2013-06-21,32.85,19.39
2013-06-24,34.26,18.98
2013-06-25,35.76,19.02
2013-06-26,37.29,19.08
2013-06-27,38.87,19.09
2013-06-28,40.65,19.1
2013-07-01,40.95,18.92
2013-07-02,41.28,18.78
2013-07-03,41.79,18.19
2013-07-04,42.04,17.94
2013-07-05,42.55,17.74
2013-07-08,43.01,17.58
2013-07-09,43.52,17.37
2013-07-10,43.63,17.5
2013-07-11,43.5,17.78
2013-07-12,43.33,17.42
2013-07-15,42.75,17.2
2013-07-16,41.93,17.22
2013-07-17,40.7,17.09
2013-07-18,39.94,17.14
2013-07-19,39.41,17.01
2013-07-22,38.73,17.24
2013-07-23,37.89,17.73
2013-07-24,36.81,17.81
2013-07-25,36.24,17.89
2013-07-26,35.48,17.63
2013-07-29,34.98,16.94
2013-07-30,34.44,16.6
2013-07-31,33.62,16.36
2013-08-01,33.1,16.24
2013-08-02,32.7,16.01
2013-08-05,32.25,15.76
2013-08-06,31.74,15.54
2013-08-07,31.28,15.31
2013-08-08,30.85,15.41
2013-08-09,30.4,14.79
2013-08-12,30.63,14.58
2013-08-13,30.43,14.47
2013-08-14,30.61,14.81
2013-08-15,31.11,15.27
2013-08-16,31.63,15.47
2013-08-19,32.64,15.93
2013-08-20,33.45,16.29
2013-08-21,34.24,16.63
2013-08-22,35.35,16.78
2013-08-23,36.25,16.77
2013-08-26,37.0,17.05
2013-08-27,37.7,17.27
2013-08-28,38.27,17.56
2013-08-29,38.35,17.76
2013-08-30,38.47,17.83
2013-09-02,38.1,17.72
2013-09-03,37.73,17.5
2013-09-04,37.31,17.29
2013-09-05,36.7,17.22
2013-09-06,36.25,17.11
2013-09-09,35.58,17.06
2013-09-10,35.21,17.11
2013-09-11,34.43,17.61
2013-09-12,33.84,17.4
2013-09-13,33.21,16.68
2013-09-16,32.94,16.08
2013-09-17,32.7,15.62
2013-09-18,32.3,15.3
2013-09-19,32.25,15.13
2013-09-20,31.93,15.09
2013-09-23,31.71,15.11
2013-09-24,31.48,14.98
2013-09-25,31.35,14.81
2013-09-26,31.26,14.67
2013-09-27,30.91,15.04
2013-09-30,31.09,14.75
2013-10-01,31.18,15.5
2013-10-02,31.13,15.71
2013-10-03,30.75,16.06
2013-10-04,30.28,16.25
2013-10-07,29.8,15.89
2013-10-08,29.74,15.58
2013-10-09,29.98,15.33
2013-10-10,29.76,15.38
2013-10-11,29.35,15.45
2013-10-14,29.21,15.31
2013-10-15,29.29,15.71
2013-10-16,28.81,15.11
2013-10-17,28.48,14.74
2013-10-18,28.01,13.78
2013-10-21,27.89,13.51
2013-10-22,27.53,13.35
2013-10-23,27.41,13.17
2013-10-24,27.26,13.42
2013-10-25,26.83,13.79
2013-10-28,25.98,13.74
2013-10-29,25.8,13.33
2013-10-30,25.79,12.79
2013-10-31,25.29,12.85
2013-11-01,24.94,12.06
2013-11-04,24.95,11.72
2013-11-05,24.82,12.06
2013-11-06,24.79,11.82
2013-11-07,24.23,11.43
2013-11-08,23.91,11.0
2013-11-11,23.13,10.59
2013-11-12,22.24,10.4
2013-11-13,21.59,10.41
2013-11-14,21.36,10.58
2013-11-15,20.89,10.81
2013-11-18,20.58,10.92
2013-11-19,20.38,10.87
2013-11-20,20.18,11.06
2013-11-21,20.05,11.59
2013-11-22,19.58,11.55
2013-11-25,19.03,11.92
2013-11-26,18.66,12.97
2013-11-27,18.2,14.04
2013-11-28,18.21,15.01
2013-11-29,18.33,15.55
2013-12-02,18.04,15.6
2013-12-03,17.39,16.0
2013-12-04,16.87,16.89
2013-12-05,16.2,17.16
2013-12-06,15.54,17.23
2013-12-09,14.31,17.72
2013-12-10,12.75,17.47
2013-12-11,11.66,17.15
2013-12-12,10.71,17.07
2013-12-13,9.99,16.14
2013-12-16,9.44,15.1
2013-12-17,8.59,14.53
2013-12-18,8.05,14.14
2013-12-19,7.38,13.55
2013-12-20,6.74,12.57
2013-12-23,6.27,11.24
2013-12-24,5.74,10.89
2013-12-25,5.29,10.79
2013-12-26,5.65,10.23
2013-12-27,6.47,10.1
2013-12-30,7.29,9.91
2013-12-31,8.06,9.84
2014-01-01,9.16,10.04
2014-01-02,10.37,10.18
2014-01-03,11.6,10.15
2014-01-06,12.5,10.02
2014-01-07,13.58,10.14
2014-01-08,14.68,10.62
2014-01-09,15.67,10.91
2014-01-10,16.35,11.12
2014-01-13,17.1,11.1
2014-01-14,17.47,11.22
2014-01-15,17.98,11.3
2014-01-16,18.5,11.56
2014-01-17,18.81,11.58
2014-01-20,18.71,11.64
2014-01-21,18.99,12.22
2014-01-22,19.33,12.78
2014-01-23,20.27,13.61
2014-01-24,21.1,13.96
2014-01-27,21.36,14.11
2014-01-28,21.78,14.37
2014-01-29,22.21,14.03
2014-01-30,22.55,13.98
2014-01-31,22.92,13.51
2014-02-03,22.86,13.36
2014-02-04,22.6,13.35
2014-02-05,22.55,13.52
2014-02-06,22.44,13.55
2014-02-07,21.88,13.73
2014-02-10,21.73,13.43
2014-02-11,21.02,13.01
2014-02-12,20.11,13.42
2014-02-13,19.81,13.36
2014-02-14,19.33,13.47
2014-02-17,19.11,13.97
2014-02-18,19.13,14.57
2014-02-19,19.18,15.22
2014-02-20,19.2,15.63
2014-02-21,19.36,15.8
2014-02-24,19.25,15.79
2014-02-25,19.21,16.0
2014-02-26,19.1,15.33
2014-02-27,18.55,15.39
2014-02-28,18.2,15.31
2014-03-03,18.2,14.93
2014-03-04,18.0,15.11
2014-03-05,17.96,15.03
2014-03-06,17.94,14.89
2014-03-07,17.67,14.44
2014-03-10,17.4,14.43
2014-03-11,17.18,14.24
2014-03-12,16.98,13.98
2014-03-13,17.07,14.01
2014-03-14,17.25,14.1
2014-03-17,17.46,14.4
2014-03-18,17.71,14.54
2014-03-19,17.76,14.62
2014-03-20,17.73,14.59
2014-03-21,17.84,14.26
2014-03-24,17.71,14.27
2014-03-25,17.56,14.61
2014-03-26,17.51,14.85
2014-03-27,17.25,14.94
2014-03-28,17.08,15.2
2014-03-31,16.78,15.42
2014-04-01,16.55,15.4
2014-04-02,16.26,15.38
2014-04-03,15.99,15.47
2014-04-04,15.78,15.36
2014-04-07,15.95,15.49
2014-04-08,16.07,15.5
2014-04-09,16.08,15.43
2014-04-10,16.07,15.12
2014-04-11,15.98,14.58
2014-04-14,15.75,14.43
2014-04-15,15.99,14.39
2014-04-16,15.65,14.4
2014-04-17,15.35,14.47
2014-04-18,15.13,14.49
2014-04-21,14.73,14.47
2014-04-22,14.4,14.21
2014-04-23,14.17,14.41
2014-04-24,13.73,13.97
2014-04-25,13.2,13.72
2014-04-28,12.9,13.76
2014-04-29,12.56,14.01
2014-04-30,12.14,14.43
2014-05-01,11.72,14.54
2014-05-02,10.86,14.56
2014-05-05,10.73,14.67
2014-05-06,10.78,14.78
2014-05-07,10.78,15.0
2014-05-08,11.0,15.15
2014-05-09,11.2,15.52
2014-05-12,11.45,15.34
2014-05-13,11.57,16.21
2014-05-14,11.88,16.61
2014-05-15,12.23,17.09
2014-05-16,12.05,17.37
2014-05-19,12.49,18.12
2014-05-20,13.21,18.7
2014-05-21,13.94,19.23
2014-05-22,14.47,19.39
2014-05-23,14.76,19.63
2014-05-26,14.76,19.68
2014-05-27,14.87,20.03
2014-05-28,14.95,20.18
2014-05-29,14.92,20.3
2014-05-30,14.89,19.87
2014-06-02,14.77,19.89
2014-06-03,14.54,19.77
2014-06-04,14.64,19.54
2014-06-05,14.43,18.93
2014-06-06,14.04,18.74
2014-06-09,13.58,18.4
2014-06-10,13.17,18.51
2014-06-11,12.74,18.56
2014-06-12,12.6,18.45
2014-06-13,12.27,17.97
2014-06-16,12.18,17.72
2014-06-17,11.9,17.82
2014-06-18,11.84,17.91
2014-06-19,11.52,18.06
2014-06-20,11.14,18.05
2014-06-23,10.85,18.25
2014-06-24,10.44,18.31
2014-06-25,9.91,18.19
2014-06-26,9.69,18.27
2014-06-27,9.36,18.01
2014-06-30,9.15,17.77
2014-07-01,8.81,18.04
2014-07-02,8.61,18.79
2014-07-03,8.09,19.04
2014-07-04,7.65,19.01
2014-07-07,7.18,18.98
2014-07-08,7.01,19.09
2014-07-09,7.14,19.43
2014-07-10,7.21,19.65
2014-07-11,7.27,19.48
2014-07-14,7.29,18.94
2014-07-15,7.02,18.62
2014-07-16,6.73,18.3
2014-07-17,6.61,18.02
2014-07-18,6.49,17.53
2014-07-21,6.44,16.72
2014-07-22,6.2,16.31
2014-07-23,6.01,16.24
2014-07-24,6.06,16.26
2014-07-25,6.09,16.1
2014-07-28,6.0,15.89
2014-07-29,6.12,15.86
2014-07-30,6.39,15.76
2014-07-31,6.64,16.16
2014-08-01,7.03,16.04
2014-08-04,7.64,16.16
2014-08-05,8.12,16.49
2014-08-06,8.65,16.66
2014-08-07,9.05,16.9
2014-08-08,9.61,17.51
2014-08-11,10.43,17.83
2014-08-12,11.21,18.01
2014-08-13,12.01,18.11
2014-08-14,12.74,18.38
2014-08-15,13.55,18.6
2014-08-18,14.18,19.31
2014-08-19,14.98,19.58
2014-08-20,15.84,20.4
2014-08-21,16.49,21.17
2014-08-22,17.08,21.49
2014-08-25,17.42,22.24
2014-08-26,17.92,22.49
2014-08-27,18.56,22.93
2014-08-28,18.95,23.17
2014-08-29,19.05,23.89
2014-09-01,19.27,24.65
2014-09-02,19.57,24.95
2014-09-03,19.88,25.3
2014-09-04,20.31,25.19
2014-09-05,20.67,25.2
2014-09-08,20.86,24.81
2014-09-09,21.16,24.41
2014-09-10,21.35,23.85
2014-09-11,21.84,23.18
2014-09-12,22.06,23.0
2014-09-15,22.43,22.41
2014-09-16,22.69,21.6
2014-09-17,23.33,20.64
2014-09-18,23.79,19.87
2014-09-19,24.33,19.55
2014-09-22,24.73,19.3
2014-09-23,25.25,19.21
2014-09-24,25.46,19.38
2014-09-25,26.01,19.73
2014-09-26,26.49,19.52
2014-09-29,27.25,19.78
2014-09-30,27.86,19.73
2014-10-01,28.37,19.64
2014-10-02,28.95,19.31
2014-10-03,29.49,19.71
2014-10-06,29.92,19.88
2014-10-07,30.39,19.97
2014-10-08,30.48,19.91
2014-10-09,30.23,19.55
2014-10-10,30.08,19.27
2014-10-13,30.05,18.73
2014-10-14,29.91,18.01
2014-10-15,29.72,18.2
2014-10-16,29.56,18.09
2014-10-17,29.56,18.31
2014-10-20,29.51,18.37
2014-10-21,29.2,18.61
2014-10-22,29.26,18.84
2014-10-23,29.15,18.96
2014-10-24,29.08,19.18
2014-10-27,29.09,19.35
2014-10-28,29.58,20.28
2014-10-29,29.74,20.6
2014-10-30,30.65,21.62
2014-10-31,31.01,22.46
2014-11-03,31.61,22.87
2014-11-04,31.93,23.63
2014-11-05,32.33,24.18
2014-11-06,32.89,24.8
2014-11-07,33.26,25.41
2014-11-10,33.38,25.88
2014-11-11,33.35,26.41
2014-11-12,33.32,26.66
2014-11-13,33.37,26.87
2014-11-14,33.33,26.31
2014-11-17,33.43,25.85
2014-11-18,32.65,25.26
2014-11-19,32.35,24.97
2014-11-20,32.15,24.78
2014-11-21,31.65,24.39
2014-11-24,31.06,23.73
2014-11-25,30.5,23.26
2014-11-26,30.13,23.31
2014-11-27,29.6,22.66
2014-11-28,29.49,22.93
2014-12-01,29.45,22.65
2014-12-02,29.31,21.97
2014-12-03,29.04,21.54
2014-12-04,28.89,21.59
2014-12-05,28.96,21.56
2014-12-08,29.3,21.53
2014-12-09,29.24,21.75
2014-12-10,29.72,22.19
2014-12-11,30.25,22.39
2014-12-12,30.84,23.17
2014-12-15,31.37,23.58
2014-12-16,31.81,24.5
2014-12-17,31.9,24.66
2014-12-18,31.79,25.52
2014-12-19,32.19,26.66
2014-12-22,32.7,27.61
2014-12-23,33.87,28.51
2014-12-24,35.13,29.04
2014-12-25,36.67,29.49
2014-12-26,37.29,29.99
2014-12-29,37.8,30.16
2014-12-30,38.04,30.9
2014-12-31,38.26,30.61
2015-01-01,38.68,30.24
2015-01-02,39.48,30.05
2015-01-05,40.18,29.5
2015-01-06,41.28,29.03
2015-01-07,42.42,29.53
2015-01-08,42.95,29.79
2015-01-09,42.82,29.85
2015-01-12,43.24,30.0
2015-01-13,43.16,30.19
2015-01-14,43.63,30.3
2015-01-15,44.29,30.57
2015-01-16,44.9,31.15
2015-01-19,45.39,31.66
2015-01-20,46.64,32.11
2015-01-21,46.88,33.31
2015-01-22,47.59,34.75
2015-01-23,47.6,35.36
2015-01-26,46.96,35.56
2015-01-27,47.15,35.51
2015-01-28,46.98,36.75
2015-01-29,45.66,37.23
2015-01-30,44.63,38.0
2015-02-02,44.37,38.32
2015-02-03,44.02,38.9
2015-02-04,43.78,38.82
2015-02-05,43.37,38.89
2015-02-06,42.27,38.92
2015-02-09,41.29,38.13
2015-02-10,40.71,37.41
2015-02-11,40.25,37.85
2015-02-12,39.82,37.45
2015-02-13,39.47,38.27
2015-02-16,39.49,37.37
2015-02-17,39.97,37.2
2015-02-18,39.64,36.83
2015-02-19,38.0,36.66
2015-02-20,37.13,35.84
2015-02-23,35.92,35.56
2015-02-24,35.03,35.63
2015-02-25,34.01,35.75
2015-02-26,33.29,35.69
2015-02-27,32.27,36.04
2015-03-02,32.29,35.65
2015-03-03,32.16,35.92
2015-03-04,31.83,35.0
2015-03-05,31.28,34.59
2015-03-06,30.93,34.49
2015-03-09,31.03,34.45
2015-03-10,32.14,34.55
2015-03-11,32.09,35.45
2015-03-12,32.52,36.42
2015-03-13,32.77,36.86
2015-03-16,33.12,36.74
2015-03-17,33.75,37.05
2015-03-18,33.81,36.65
2015-03-19,33.33,36.87
2015-03-20,33.34,36.85
2015-03-23,33.19,37.44
2015-03-24,33.13,38.03
2015-03-25,32.8,38.44
2015-03-26,31.73,38.76
2015-03-27,29.53,39.02
2015-03-30,29.37,38.53
2015-03-31,29.13,37.55
2015-04-01,28.78,36.93
2015-04-02,28.29,37.13
2015-04-03,27.98,37.04
2015-04-06,27.76,37.4
2015-04-07,27.35,37.33
2015-04-08,26.97,37.42
2015-04-09,26.73,37.66
2015-04-10,26.68,37.99
2015-04-13,26.74,38.01
2015-04-14,27.51,38.07
2015-04-15,29.77,38.15
2015-04-16,30.31,38.43
2015-04-17,30.89,39.06
2015-04-20,31.31,39.67
2015-04-21,31.71,40.14
2015-04-22,32.38,40.59
2015-04-23,33.16,40.79
2015-04-24,33.42,41.33
2015-04-27,33.77,41.39
2015-04-28,34.16,41.4
2015-04-29,34.64,41.41
2015-04-30,34.95,41.5
2015-05-01,35.0,41.63
2015-05-04,35.16,41.79
2015-05-05,35.1,41.8
2015-05-06,35.39,41.81
2015-05-07,36.09,41.86
2015-05-08,36.73,41.82
2015-05-11,37.09,41.67
2015-05-12,37.59,41.68
2015-05-13,38.6,41.29
2015-05-14,39.34,41.27
2015-05-15,39.26,40.98
2015-05-18,39.4,41.03
2015-05-19,39.83,41.38
2015-05-20,40.46,41.42
2015-05-21,40.84,41.4
2015-05-22,41.15,41.42
2015-05-25,41.32,41.5
2015-05-26,41.27,41.65
2015-05-27,41.77,41.5
2015-05-28,42.28,41.43
2015-05-29,42.54,41.39
2015-06-01,42.57,41.3
2015-06-02,42.65,41.15
2015-06-03,43.88,41.09
2015-06-04,44.29,40.97
2015-06-05,44.67,40.3
2015-06-08,45.19,40.01
2015-06-09,45.78,39.74
2015-06-10,46.3,39.46
2015-06-11,46.85,39.09
2015-06-12,47.27,38.57
2015-06-15,47.35,38.27
2015-06-16,47.54,38.14
2015-06-17,47.58,37.6
2015-06-18,47.68,37.27
2015-06-19,47.99,37.34
2015-06-22,47.9,37.22
2015-06-23,47.72,37.12
2015-06-24,47.73,37.29
2015-06-25,47.67,37.1
2015-06-26,47.33,37.16
2015-06-29,47.09,37.34
2015-06-30,46.76,37.76
2015-07-01,46.1,37.62
2015-07-02,45.61,37.32
2015-07-03,44.85,37.26
2015-07-06,44.41,37.44
2015-07-07,44.39,37.69
2015-07-08,43.96,37.6
2015-07-09,43.6,37.04
2015-07-10,43.35,36.29
2015-07-13,42.96,36.11
2015-07-14,42.61,35.65
2015-07-15,42.38,34.53
2015-07-16,42.03,33.81
2015-07-17,41.57,32.56
2015-07-20,41.51,32.07
2015-07-21,41.33,31.41
2015-07-22,41.55,30.76
2015-07-23,41.7,30.2
2015-07-24,41.48,29.09
2015-07-27,41.23,28.36
2015-07-28,40.78,28.51
2015-07-29,40.53,28.88
2015-07-30,40.27,28.77
2015-07-31,39.95,29.08
2015-08-03,39.61,29.03
2015-08-04,39.48,29.24
2015-08-05,39.36,29.46
2015-08-06,39.53,29.52
2015-08-07,39.78,30.06
2015-08-10,39.58,30.26
2015-08-11,39.6,31.13
2015-08-12,39.68,32.44
2015-08-13,39.82,33.2
2015-08-14,40.15,33.74
2015-08-17,40.2,33.69
2015-08-18,39.9,34.12
2015-08-19,39.81,34.25
2015-08-20,39.81,35.4
2015-08-21,39.86,36.2
2015-08-24,39.91,37.15
2015-08-25,40.1,38.23
2015-08-26,40.3,39.24
2015-08-27,40.78,40.06
2015-08-28,41.04,40.11
2015-08-31,41.02,40.5
2015-09-01,41.07,40.71
2015-09-02,41.08,40.98
2015-09-03,41.24,41.84
2015-09-04,41.79,42.13
2015-09-07,41.72,42.66
2015-09-08,41.81,42.82
2015-09-09,42.53,42.52
2015-09-10,43.17,42.4
2015-09-11,43.37,42.17
2015-09-14,43.45,42.19
2015-09-15,43.35,42.03
2015-09-16,43.34,42.36
2015-09-17,43.41,42.08
2015-09-18,43.32,42.14
2015-09-21,43.02,42.71
2015-09-22,42.91,43.02
2015-09-23,42.95,43.57
2015-09-24,43.36,44.5
2015-09-25,43.5,45.31
2015-09-28,43.08,46.15
2015-09-29,42.31,47.1
2015-09-30,41.84,47.26
2015-10-01,41.21,47.2
2015-10-02,40.73,47.7
2015-10-05,40.05,47.78
2015-10-06,39.25,48.36
2015-10-07,38.68,48.96
2015-10-08,38.46,48.9
2015-10-09,38.26,48.74
2015-10-12,37.86,48.5
2015-10-13,37.59,48.32
2015-10-14,37.12,48.27
2015-10-15,36.39,48.25
2015-10-16,36.08,48.27
2015-10-19,35.81,49.22
2015-10-20,35.32,49.73
2015-10-21,34.86,50.26
2015-10-22,34.47,50.62
2015-10-23,34.45,50.9
2015-10-26,34.36,51.19
2015-10-27,33.91,51.7
2015-10-28,33.47,52.4
2015-10-29,33.28,52.9
2015-10-30,33.3,53.51
2015-11-02,33.33,53.79
2015-11-03,33.49,54.41
2015-11-04,33.6,54.68
2015-11-05,33.4,54.94
2015-11-06,33.36,55.81
2015-11-09,33.21,56.29
2015-11-10,32.98,57.4
2015-11-11,32.56,58.47
2015-11-12,32.09,59.65
2015-11-13,32.16,60.79
2015-11-16,31.95,61.81
2015-11-17,31.37,62.74
2015-11-18,30.43,63.07
2015-11-19,29.63,64.05
2015-11-20,28.83,64.9
2015-11-23,28.51,65.85
2015-11-24,28.43,66.64
2015-11-25,28.84,66.16
2015-11-26,29.0,65.68
2015-11-27,29.25,64.68
2015-11-30,29.93,63.19
2015-12-01,31.0,61.8
2015-12-02,31.75,60.49
2015-12-03,32.81,59.6
2015-12-04,33.45,59.13
2015-12-07,34.06,58.43
2015-12-08,34.86,57.21
2015-12-09,35.58,56.47
2015-12-10,35.93,55.91
2015-12-11,36.05,55.63
2015-12-14,36.01,56.05
2015-12-15,36.1,56.32
2015-12-16,36.22,56.69
2015-12-17,36.02,57.35
2015-12-18,35.46,58.18
2015-12-21,34.78,57.29
2015-12-22,33.97,56.01
2015-12-23,33.5,54.77
2015-12-24,33.16,53.89
2015-12-25,32.91,53.65
2015-12-28,32.58,52.65
2015-12-29,32.56,51.57
2015-12-30,33.13,50.24
2015-12-31,33.41,49.3
2016-01-01,33.38,48.73
2016-01-04,33.8,47.92
2016-01-05,34.26,47.14
2016-01-06,34.47,45.59
2016-01-07,34.8,45.96
2016-01-08,35.16,46.54
2016-01-11,35.75,46.83
2016-01-12,36.37,46.81
2016-01-13,36.82,46.28
2016-01-14,37.47,45.85
2016-01-15,37.92,45.51
2016-01-18,37.96,44.86
2016-01-19,38.13,44.35
2016-01-20,38.8,43.43
2016-01-21,38.8,42.93
2016-01-22,38.83,42.6
2016-01-25,39.19,42.38
2016-01-26,39.47,41.95
2016-01-27,40.24,41.37
2016-01-28,41.13,40.97
2016-01-29,42.16,41.25
2016-02-01,42.86,41.42
2016-02-02,43.52,41.68
2016-02-03,43.46,42.16
2016-02-04,43.44,42.55
2016-02-05,43.68,42.72
2016-02-08,43.87,43.32
2016-02-09,44.14,43.69
2016-02-10,44.74,43.98
2016-02-11,45.27,44.55
2016-02-12,45.74,45.43
2016-02-15,45.72,46.25
2016-02-16,45.29,46.98
2016-02-17,44.53,47.77
2016-02-18,43.95,48.94
2016-02-19,43.61,49.6
2016-02-22,43.35,49.85
2016-02-23,43.34,50.92
2016-02-24,43.41,51.7
2016-02-25,43.53,52.7
2016-02-26,43.6,53.63
2016-02-29,43.28,54.06
2016-03-01,42.8,54.76
2016-03-02,42.18,53.64
2016-03-03,41.81,53.08
2016-03-04,42.02,52.4
2016-03-07,42.63,51.17
2016-03-08,43.52,50.47
2016-03-09,43.97,49.75
2016-03-10,44.66,49.01
2016-03-11,45.04,47.84
2016-03-14,44.92,47.21
2016-03-15,44.96,45.88
2016-03-16,45.0,44.71
2016-03-17,45.03,43.96
2016-03-18,45.48,43.13
2016-03-21,46.2,43.93
2016-03-22,46.4,44.45
2016-03-23,46.44,45.24
2016-03-24,46.24,45.81
2016-03-25,45.67,45.9
2016-03-28,45.46,46.22
2016-03-29,45.22,46.53
2016-03-30,45.17,46.75
2016-03-31,45.22,46.62
2016-04-01,44.97,46.89
2016-04-04,44.58,46.91
2016-04-05,44.21,46.81
2016-04-06,43.49,46.59
2016-04-07,42.81,46.49
2016-04-08,42.0,46.31
2016-04-11,41.33,45.84
2016-04-12,40.52,45.76
2016-04-13,39.93,45.46
2016-04-14,39.27,45.14
2016-04-15,39.49,45.13
2016-04-18,39.02,45.19
2016-04-19,38.8,45.37
2016-04-20,38.61,45.89
2016-04-21,38.57,46.79
2016-04-22,38.14,47.77
2016-04-25,38.25,48.73
2016-04-26,38.38,49.27
2016-04-27,38.49,49.76
2016-04-28,37.77,50.29
2016-04-29,37.36,50.63
2016-05-02,36.92,50.7
2016-05-03,36.29,51.24
2016-05-04,35.09,51.26
2016-05-05,34.83,51.33
2016-05-06,33.87,51.5
2016-05-09,33.11,51.1
2016-05-10,32.23,50.91
2016-05-11,31.97,50.75
2016-05-12,31.3,50.54
2016-05-13,30.56,50.21
2016-05-16,29.9,49.76
2016-05-17,29.82,49.84
2016-05-18,29.39,50.2
2016-05-19,28.71,50.65
2016-05-20,28.35,50.95
2016-05-23,27.81,51.85
2016-05-24,27.07,53.07
2016-05-25,26.81,54.14
2016-05-26,26.7,54.98
2016-05-27,26.85,55.73
2016-05-30,26.63,56.26
2016-05-31,26.53,57.25
2016-06-01,26.32,58.01
2016-06-02,26.4,58.55
2016-06-03,26.31,58.75
2016-06-06,26.35,59.02
2016-06-07,26.7,59.96
2016-06-08,26.53,60.87
2016-06-09,26.72,61.16
2016-06-10,26.49,61.12
2016-06-13,26.18,61.03
2016-06-14,25.45,61.77
2016-06-15,24.36,61.82
2016-06-16,23.75,62.55
2016-06-17,23.12,62.74
2016-06-20,22.47,62.98
2016-06-21,21.85,64.08
2016-06-22,21.14,64.67
2016-06-23,20.97,65.27
2016-06-24,20.81,65.43
2016-06-27,21.19,65.41
2016-06-28,21.21,66.75
2016-06-29,21.2,67.39
2016-06-30,21.31,68.03
2016-07-01,21.4,68.17
2016-07-04,21.73,68.58
2016-07-05,22.09,68.94
2016-07-06,23.82,69.03
2016-07-07,24.09,69.58
2016-07-08,24.33,69.9
2016-07-11,24.62,70.32
2016-07-12,24.54,70.88
2016-07-13,24.56,71.31
2016-07-14,24.17,71.82
2016-07-15,24.04,71.75
2016-07-18,24.15,72.79
2016-07-19,26.17,74.45
2016-07-20,26.59,76.35
2016-07-21,27.13,77.92
2016-07-22,27.12,79.18
2016-07-25,25.54,80.69
2016-07-26,25.76,82.35
2016-07-27,25.9,83.26
2016-07-28,25.79,84.22
2016-07-29,25.8,84.75
2016-08-01,25.67,85.57
2016-08-02,25.79,86.44
2016-08-03,25.49,86.44
2016-08-04,25.43,86.12
2016-08-05,23.26,85.05
2016-08-08,22.68,83.81
2016-08-09,22.15,83.13
2016-08-10,21.82,82.09
2016-08-11,21.73,80.97
2016-08-12,21.88,79.55
2016-08-15,21.92,78.67
2016-08-16,22.09,78.45
2016-08-17,21.92,77.92
2016-08-18,21.6,77.07
2016-08-19,21.62,76.25
2016-08-22,21.94,75.91
2016-08-23,22.0,75.45
2016-08-24,22.1,75.17
2016-08-25,22.26,74.86
2016-08-26,22.43,74.38
2016-08-29,22.64,74.03
2016-08-30,22.6,73.3
2016-08-31,21.96,72.26
2016-09-01,21.66,71.14
2016-09-02,21.87,69.26
2016-09-05,21.95,67.72
2016-09-06,22.14,66.7
2016-09-07,22.03,66.0
2016-09-08,21.86,65.65
2016-09-09,22.14,65.59
2016-09-12,22.41,65.28
2016-09-13,23.07,65.65
2016-09-14,23.34,66.6
2016-09-15,23.33,67.43
2016-09-16,23.29,68.76
2016-09-19,23.49,70.15
2016-09-20,23.31,71.4
2016-09-21,22.95,73.92
2016-09-22,22.53,77.16
2016-09-23,22.11,79.64
2016-09-26,21.7,81.66
2016-09-27,21.53,82.94
2016-09-28,20.98,83.62
2016-09-29,20.42,84.37
2016-09-30,19.52,84.14
2016-10-03,18.8,83.46
2016-10-04,18.3,83.53
2016-10-05,17.91,83.91
2016-10-06,17.36,84.37
2016-10-07,17.11,85.01
2016-10-10,16.85,84.27
2016-10-11,16.85,83.18
2016-10-12,16.77,82.16
2016-10-13,16.69,81.13
2016-10-14,16.41,80.49
2016-10-17,16.16,80.45
2016-10-18,16.11,80.9
2016-10-19,16.19,81.63
2016-10-20,16.65,82.72
2016-10-21,17.12,83.34
2016-10-24,17.66,83.34
2016-10-25,18.33,83.63
2016-10-26,18.84,83.36
2016-10-27,19.47,83.75
2016-10-28,20.1,83.46
2016-10-31,20.8,83.04
2016-11-01,19.4,82.6
2016-11-02,19.62,81.47
2016-11-03,20.0,80.36
2016-11-04,20.08,78.69
2016-11-07,20.17,77.47
2016-11-08,19.74,76.84
2016-11-09,18.47,75.82
2016-11-10,17.29,75.48
2016-11-11,16.18,75.11
2016-11-14,14.96,75.14
2016-11-15,13.7,75.09
2016-11-16,12.81,75.33
2016-11-17,11.82,75.9
2016-11-18,12.33,77.1
2016-11-21,11.38,78.98
2016-11-22,9.74,80.37
2016-11-23,8.26,82.2
2016-11-24,7.26,83.74
2016-11-25,6.82,84.35
2016-11-28,7.25,84.87
2016-11-29,7.75,84.81
2016-11-30,7.62,84.26
2016-12-01,7.61,83.52
2016-12-02,7.57,82.97
2016-12-05,7.06,82.32
2016-12-06,5.53,81.52
2016-12-07,5.02,80.75
2016-12-08,4.43,79.85
2016-12-09,4.72,79.16
2016-12-12,4.92,78.76
2016-12-13,4.08,78.15
2016-12-14,2.54,77.36
2016-12-15,1.13,77.07
2016-12-16,-2.14,77.07
2016-12-19,-5.4,77.63
2016-12-20,-6.44,79.5
2016-12-21,-7.73,80.22
2016-12-22,-8.75,81.4
2016-12-23,-6.89,82.46
2016-12-26,-8.01,82.7
2016-12-27,-8.25,82.53
2016-12-28,-8.42,82.5
2016-12-29,-8.94,82.1
2016-12-30,-8.64,81.82
2017-01-02,-8.23,81.27
2017-01-03,-8.14,80.62
2017-01-04,-6.44,79.96
2017-01-05,-4.38,78.93
2017-01-06,-4.44,76.85
2017-01-09,-4.05,75.56
2017-01-10,-4.3,74.37
2017-01-11,-6.15,73.89
2017-01-12,-5.14,73.79
2017-01-13,-1.92,74.13
2017-01-16,-0.83,73.92
2017-01-17,0.75,73.62
2017-01-18,2.18,73.05
2017-01-19,4.18,72.56
2017-01-20,7.15,72.14
2017-01-23,9.25,71.29
2017-01-24,11.48,70.73
2017-01-25,13.74,70.09
2017-01-26,15.72,69.5
2017-01-27,19.21,68.42
2017-01-30,21.24,66.85
2017-01-31,22.76,65.31
2017-02-01,20.82,63.74
2017-02-02,20.63,62.66
2017-02-03,20.28,61.47
2017-02-06,19.75,60.4
2017-02-07,19.07,59.88
2017-02-08,18.01,59.52
2017-02-09,17.87,59.62
2017-02-10,17.66,59.34
2017-02-13,17.28,59.41
2017-02-14,16.89,59.49
2017-02-15,15.45,60.09
2017-02-16,15.24,60.7
2017-02-17,15.04,61.33
2017-02-20,15.23,61.95
2017-02-21,15.34,62.61
2017-02-22,15.58,62.9
2017-02-23,15.89,62.48
2017-02-24,15.89,61.82
2017-02-27,15.28,60.81
2017-02-28,14.75,60.14
2017-03-01,14.34,59.46
2017-03-02,14.3,58.18
2017-03-03,13.97,56.71
2017-03-06,13.86,55.2
2017-03-07,14.59,54.83
2017-03-08,14.68,53.67
2017-03-09,14.8,53.05
2017-03-10,14.96,52.34
2017-03-13,15.31,51.61
2017-03-14,15.37,51.85
2017-03-15,15.82,51.26
2017-03-16,16.35,50.96
2017-03-17,16.87,50.16
2017-03-20,17.25,49.63
2017-03-21,17.42,49.0
2017-03-22,17.53,48.78
2017-03-23,17.73,48.54
2017-03-24,16.94,47.45
2017-03-27,16.62,46.67
2017-03-28,16.08,45.38
2017-03-29,15.46,44.03
2017-03-30,14.23,43.41
2017-03-31,13.52,43.03
2017-04-03,12.75,43.37
2017-04-04,12.19,43.51
2017-04-05,11.26,43.97
2017-04-06,10.85,44.49
2017-04-07,10.27,45.34
2017-04-10,9.89,45.85
2017-04-11,9.09,46.15
2017-04-12,8.67,46.4
2017-04-13,8.35,47.23
2017-04-14,8.58,47.8
2017-04-17,10.01,48.19
2017-04-18,10.99,48.71
2017-04-19,11.68,49.03
2017-04-20,12.31,49.65
2017-04-21,12.51,50.45
2017-04-24,13.16,50.64
2017-04-25,12.8,50.91
2017-04-26,12.87,50.87
2017-04-27,13.13,50.69
2017-04-28,13.54,50.34
2017-05-01,13.76,49.78
2017-05-02,13.97,49.46
2017-05-03,13.95,49.48
2017-05-04,12.83,49.78
2017-05-05,12.4,49.71
2017-05-08,12.12,49.25
2017-05-09,11.93,48.96
2017-05-10,11.83,48.23
2017-05-11,11.8,48.03
2017-05-12,12.1,47.82
2017-05-15,11.88,47.85
2017-05-16,11.89,48.12
2017-05-17,10.19,48.51
2017-05-18,10.07,48.96
2017-05-19,10.3,49.05
2017-05-22,10.14,49.16
2017-05-23,9.79,49.4
2017-05-24,9.45,49.19
2017-05-25,9.18,49.19
2017-05-26,7.91,48.73
2017-05-29,7.68,48.65
2017-05-30,7.14,48.51
2017-05-31,6.81,47.97
2017-06-01,6.82,47.92
2017-06-02,6.39,47.85
2017-06-05,7.85,47.48
2017-06-06,8.0,47.42
2017-06-07,7.83,46.91
2017-06-08,7.95,46.52
2017-06-09,8.09,46.05
2017-06-12,8.13,46.11
2017-06-13,7.87,46.48
2017-06-14,8.42,46.99
2017-06-15,8.16,47.54
2017-06-16,7.99,47.69
2017-06-19,7.65,47.62
2017-06-20,7.29,46.83
2017-06-21,7.22,45.95
2017-06-22,7.2,45.44
2017-06-23,6.64,44.3
2017-06-26,5.88,43.75
2017-06-27,5.37,43.3
2017-06-28,4.9,42.57
2017-06-29,4.67,41.7
2017-06-30,4.48,40.56
2017-07-03,4.54,39.21
2017-07-04,4.69,38.1
2017-07-05,4.56,36.97
2017-07-06,4.75,36.53
2017-07-07,4.93,36.43
2017-07-10,5.23,36.17
2017-07-11,5.31,35.87
2017-07-12,5.83,35.12
2017-07-13,6.82,34.15
2017-07-14,7.34,32.76
2017-07-17,7.6,31.74
2017-07-18,8.28,31.4
2017-07-19,8.56,30.95
2017-07-20,8.89,30.76
2017-07-21,9.11,30.26
2017-07-24,8.64,30.08
2017-07-25,9.11,30.17
2017-07-26,9.55,29.72
2017-07-27,9.16,29.35
2017-07-28,9.01,29.1
2017-07-31,8.42,29.8
2017-08-01,7.64,30.8
2017-08-02,7.21,31.52
2017-08-03,6.5,32.05
2017-08-04,5.9,32.47
2017-08-07,5.7,32.92
2017-08-08,5.64,33.66
2017-08-09,5.54,34.17
2017-08-10,6.0,34.7
2017-08-11,5.61,35.2
2017-08-14,5.22,35.95
2017-08-15,5.58,37.34
2017-08-16,5.75,37.98
2017-08-17,6.15,38.3
2017-08-18,6.67,38.61
2017-08-21,6.14,38.87
2017-08-22,7.16,39.32
2017-08-23,7.88,39.46
2017-08-24,8.25,39.12
2017-08-25,8.28,38.68
2017-08-28,8.63,38.11
2017-08-29,8.98,37.25
2017-08-30,9.57,36.17
2017-08-31,9.93,35.38
2017-09-01,9.68,34.14
2017-09-04,9.49,33.55
2017-09-05,9.42,33.04
2017-09-06,9.79,32.27
2017-09-07,10.8,32.01
2017-09-08,10.96,31.69
2017-09-11,10.79,31.31
2017-09-12,10.72,31.23
2017-09-13,10.83,30.87
2017-09-14,10.71,31.45
2017-09-15,11.2,32.35
2017-09-18,11.13,33.12
2017-09-19,10.81,34.21
2017-09-20,11.0,36.24
2017-09-21,10.93,38.14
2017-09-22,10.65,40.32
2017-09-25,10.12,42.1
2017-09-26,9.7,44.05
2017-09-27,8.92,45.62
2017-09-28,8.24,47.22
2017-09-29,7.93,48.96
2017-10-02,7.5,50.76
2017-10-03,7.09,52.67
2017-10-04,6.57,53.82
2017-10-05,6.29,55.11
2017-10-06,6.08,56.05
2017-10-09,5.73,55.86
2017-10-10,5.3,56.07
2017-10-11,5.38,55.55
2017-10-12,5.04,55.53
2017-10-13,5.24,55.46
2017-10-16,5.13,55.55
2017-10-17,5.87,56.0
2017-10-18,6.29,56.26
2017-10-19,6.88,56.44
2017-10-20,7.48,55.98
2017-10-23,7.62,55.98
2017-10-24,7.69,56.08
2017-10-25,8.12,55.95
2017-10-26,8.47,55.83
2017-10-27,8.87,55.52
2017-10-30,8.91,55.66
2017-10-31,9.21,56.35
2017-11-01,9.36,56.18
2017-11-02,9.87,56.32
2017-11-03,10.6,56.19
2017-11-06,10.78,56.0
2017-11-07,10.76,56.4
2017-11-08,10.41,56.31
2017-11-09,10.53,56.33
2017-11-10,10.37,56.03
2017-11-13,10.34,56.3
2017-11-14,10.28,56.42
2017-11-15,10.57,56.13
2017-11-16,10.66,56.03
2017-11-17,10.77,55.38
2017-11-20,10.41,55.03
2017-11-21,9.99,54.56
2017-11-22,8.44,54.33
2017-11-23,7.78,54.43
2017-11-24,7.25,53.54
2017-11-27,7.11,53.39
2017-11-28,6.79,53.84
2017-11-29,6.6,54.85
2017-11-30,6.44,55.65
2017-12-01,6.21,56.16
2017-12-04,6.12,56.83
2017-12-05,6.14,58.06
2017-12-06,5.86,59.37
2017-12-07,5.44,62.11
2017-12-08,4.91,63.81
2017-12-11,4.39,63.54
2017-12-12,3.6,62.52
2017-12-13,2.79,63.31
2017-12-14,1.88,64.77
2017-12-15,2.59,65.85
2017-12-18,3.34,66.34
2017-12-19,2.52,65.12
2017-12-20,1.68,62.04
2017-12-21,0.62,58.68
2017-12-22,1.47,54.54
2017-12-25,1.17,50.8
2017-12-26,0.91,46.2
2017-12-27,1.27,42.96
2017-12-28,1.48,40.91
2017-12-29,1.95,39.82
2018-01-01,2.04,36.76
2018-01-02,2.19,33.38
2018-01-03,0.9,30.07
2018-01-04,-0.4,25.86
2018-01-05,-0.29,24.02
2018-01-08,0.09,25.05
2018-01-09,0.29,26.38
2018-01-10,-1.35,27.96
2018-01-11,-1.35,28.94
2018-01-12,0.64,29.93
2018-01-15,0.65,30.25
2018-01-16,0.59,30.84
2018-01-17,0.49,31.8
2018-01-18,0.54,33.03
2018-01-19,2.33,33.8
2018-01-22,2.04,34.51
2018-01-23,1.92,35.88
2018-01-24,1.76,37.04
2018-01-25,1.5,37.55
2018-01-26,1.73,37.72
2018-01-29,3.41,37.37
2018-01-30,2.91,37.08
2018-01-31,0.7,37.32
2018-02-01,0.15,37.71
2018-02-02,-0.01,38.05
2018-02-05,-0.26,37.57
2018-02-06,-0.5,37.46
2018-02-07,-2.7,37.32
2018-02-08,-2.85,37.22
2018-02-09,-3.02,37.26
2018-02-12,-3.25,36.86
2018-02-13,-3.73,36.72
2018-02-14,-4.32,37.58
2018-02-15,-6.56,38.66
2018-02-16,-6.91,40.1
2018-02-19,-7.09,40.62
2018-02-20,-7.3,41.58
2018-02-21,-7.63,42.86
2018-02-22,-8.04,44.36
2018-02-23,-8.38,45.27
2018-02-26,-8.54,45.87
2018-02-27,-8.81,46.59
2018-02-28,-9.1,47.23
2018-03-01,-9.51,47.95
2018-03-02,-9.53,48.52
2018-03-05,-9.67,48.29
2018-03-06,-9.63,48.27
2018-03-07,-9.66,47.56
2018-03-08,-9.93,46.76
2018-03-09,-10.16,45.61
2018-03-12,-10.43,44.17
2018-03-13,-10.56,43.11
2018-03-14,-10.74,42.61
2018-03-15,-10.9,42.36
2018-03-16,-11.37,41.78
2018-03-19,-11.78,40.92
2018-03-20,-12.13,39.87
2018-03-21,-12.37,39.18
2018-03-22,-10.76,38.68
2018-03-23,-9.27,38.04
2018-03-26,-9.66,37.54
2018-03-27,-10.03,37.92
2018-03-28,-10.3,38.17
2018-03-29,-10.47,38.26
2018-03-30,-10.79,38.06
2018-04-02,-11.12,37.53
2018-04-03,-11.4,37.0
2018-04-04,-11.28,36.72
2018-04-05,-11.29,36.89
2018-04-06,-11.14,37.16
2018-04-09,-11.36,36.72
2018-04-10,-13.7,36.26
2018-04-11,-15.86,35.87
2018-04-12,-16.06,35.78
2018-04-13,-16.35,34.98
2018-04-16,-16.54,33.94
2018-04-17,-15.1,33.16
2018-04-18,-15.1,32.68
2018-04-19,-15.02,32.49
2018-04-20,-15.18,32.22
2018-04-23,-15.37,31.36
2018-04-24,-15.54,31.03
2018-04-25,-15.75,30.26
2018-04-26,-15.91,29.72
2018-04-27,-15.76,29.28
2018-04-30,-15.74,28.9
2018-05-01,-15.71,28.11
2018-05-02,-16.78,27.35
2018-05-03,-16.86,26.8
2018-05-04,-18.69,26.12
2018-05-07,-18.91,25.16
2018-05-08,-19.06,24.53
2018-05-09,-19.11,23.73
2018-05-10,-19.23,23.49
2018-05-11,-20.39,22.94
2018-05-14,-20.58,22.5
2018-05-15,-20.53,22.64
2018-05-16,-20.59,22.6
2018-05-17,-20.51,22.68
2018-05-18,-20.38,23.13
2018-05-21,-19.08,23.91
2018-05-22,-18.98,24.53
2018-05-23,-18.84,24.97
2018-05-24,-18.87,25.29
2018-05-25,-17.89,25.09
2018-05-28,-18.05,24.93
2018-05-29,-18.25,24.73
2018-05-30,-17.31,24.2
2018-05-31,-18.51,23.98
2018-06-01,-18.43,23.3
2018-06-04,-18.38,22.53
2018-06-05,-18.46,21.63
2018-06-06,-18.54,20.38
2018-06-07,-18.68,18.83
2018-06-08,-18.76,17.91
2018-06-11,-18.91,17.17
2018-06-12,-19.02,16.53
2018-06-13,-19.88,15.88
2018-06-14,-19.56,15.6
2018-06-15,-19.27,15.44
2018-06-18,-19.11,15.09
2018-06-19,-17.53,14.66
2018-06-20,-17.53,14.39
2018-06-21,-17.59,14.25
2018-06-22,-17.72,14.0
2018-06-25,-17.91,13.67
2018-06-26,-18.07,13.76
2018-06-27,-18.22,13.23
2018-06-28,-18.24,12.89
2018-06-29,-18.12,12.9
2018-07-02,-18.2,13.21
2018-07-03,-18.42,13.18
2018-07-04,-18.49,12.65
2018-07-05,-18.52,12.47
2018-07-06,-18.97,12.24
2018-07-09,-19.15,11.8
2018-07-10,-19.32,11.83
2018-07-11,-19.34,11.45
2018-07-12,-19.61,11.49
2018-07-13,-20.05,11.4
2018-07-16,-20.45,11.39
2018-07-17,-21.08,11.53
2018-07-18,-21.81,11.28
2018-07-19,-22.62,10.93
2018-07-20,-23.29,10.9
2018-07-23,-23.88,10.77
2018-07-24,-25.6,10.88
2018-07-25,-25.94,10.9
2018-07-26,-26.23,11.02
2018-07-27,-26.5,10.63
2018-07-30,-26.86,10.72
2018-07-31,-26.88,11.04
2018-08-01,-26.67,10.69
2018-08-02,-26.38,10.81
2018-08-03,-25.83,10.68
2018-08-06,-25.17,10.32
2018-08-07,-24.66,10.22
2018-08-08,-24.17,9.68
2018-08-09,-23.87,9.76
2018-08-10,-22.34,9.69
2018-08-13,-22.03,9.57
2018-08-14,-21.88,9.5
2018-08-15,-21.7,9.43
2018-08-16,-21.5,9.33
2018-08-17,-21.35,8.94
2018-08-20,-21.21,8.91
2018-08-21,-21.16,8.49
2018-08-22,-21.18,8.19
2018-08-23,-21.29,8.17
2018-08-24,-21.32,7.83
2018-08-27,-21.39,7.73
2018-08-28,-21.42,7.09
2018-08-29,-21.51,6.51
2018-08-30,-21.57,6.12
2018-08-31,-21.7,5.82
2018-09-03,-21.72,5.22
2018-09-04,-21.74,4.83
2018-09-05,-21.83,4.63
2018-09-06,-21.98,4.36
2018-09-07,-22.09,4.22
2018-09-10,-22.33,3.66
2018-09-11,-22.48,3.49
2018-09-12,-22.64,3.66
2018-09-13,-22.69,3.69
2018-09-14,-22.85,3.98
2018-09-17,-22.96,3.71
2018-09-18,-23.05,3.81
2018-09-19,-23.02,5.7
2018-09-20,-23.24,8.25
2018-09-21,-23.49,10.55
2018-09-24,-23.54,12.36
2018-09-25,-23.67,14.52
2018-09-26,-23.78,16.34
2018-09-27,-23.89,18.67
2018-09-28,-23.93,20.75
2018-10-01,-23.96,21.92
2018-10-02,-23.99,23.66
2018-10-03,-23.89,25.55
2018-10-04,-24.02,27.78
2018-10-05,-24.06,29.41
2018-10-08,-24.12,28.95
2018-10-09,-24.19,29.12
2018-10-10,-24.07,29.27
2018-10-11,-24.08,29.8
2018-10-12,-23.14,29.87
2018-10-15,-23.21,30.16
2018-10-16,-23.14,30.49
2018-10-17,-23.21,30.64
2018-10-18,-23.41,31.42
2018-10-19,-23.55,31.99
2018-10-22,-23.7,32.22
2018-10-23,-23.63,32.67
2018-10-24,-23.64,33.16
2018-10-25,-23.69,33.54
2018-10-26,-23.6,33.11
2018-10-29,-23.67,32.65
2018-10-30,-23.77,32.5
2018-10-31,-24.76,32.44
2018-11-01,-24.74,32.46
2018-11-02,-24.69,32.23
2018-11-05,-24.67,32.32
2018-11-06,-24.55,32.52
2018-11-07,-24.61,32.0
2018-11-08,-24.6,31.64
2018-11-09,-24.73,30.98
2018-11-12,-24.87,30.5
2018-11-13,-25.19,30.22
2018-11-14,-25.15,29.69
2018-11-15,-25.17,29.08
2018-11-16,-25.23,28.09
2018-11-19,-25.33,27.02
2018-11-20,-25.65,26.03
2018-11-21,-26.05,24.96
2018-11-22,-26.28,23.73
2018-11-23,-26.5,22.52
2018-11-26,-26.84,20.86
2018-11-27,-27.28,19.22
2018-11-28,-27.77,17.86
2018-11-29,-28.33,16.33
2018-11-30,-28.85,15.1
2018-12-03,-29.62,13.93
2018-12-04,-30.16,12.44
2018-12-05,-30.66,10.94
2018-12-06,-31.17,9.72
2018-12-07,-31.51,8.78
2018-12-10,-31.9,8.39
2018-12-11,-32.3,8.43
2018-12-12,-32.77,7.96
2018-12-13,-33.08,8.3
2018-12-14,-33.48,9.71
2018-12-17,-32.87,9.86
2018-12-18,-32.36,9.84
2018-12-19,-32.44,9.32
2018-12-20,-32.64,8.89
2018-12-21,-32.96,9.15
2018-12-24,-32.32,9.42
2018-12-25,-30.84,9.35
2018-12-26,-30.64,9.13
2018-12-27,-30.34,8.35
2018-12-28,-30.02,7.04
2018-12-31,-29.79,5.4
2019-01-01,-29.44,4.0
2019-01-02,-28.94,1.9
2019-01-03,-29.35,1.06
2019-01-04,-29.61,1.05
2019-01-07,-29.04,1.04
2019-01-08,-28.36,1.27
2019-01-09,-27.77,1.54
2019-01-10,-28.08,1.87
2019-01-11,-27.87,2.32
2019-01-14,-27.72,2.76
2019-01-15,-27.54,3.32
2019-01-16,-27.49,4.25
2019-01-17,-27.34,5.59
2019-01-18,-26.09,6.81
2019-01-21,-25.97,7.34
2019-01-22,-25.8,8.0
2019-01-23,-25.75,8.41
2019-01-24,-25.79,9.0
2019-01-25,-25.95,9.24
2019-01-28,-26.07,9.02
2019-01-29,-25.02,8.7
2019-01-30,-26.48,8.82
2019-01-31,-26.59,8.68
2019-02-01,-26.67,8.26
2019-02-04,-26.71,7.5
2019-02-05,-26.65,6.92
2019-02-06,-27.82,6.5
2019-02-07,-27.91,6.54
2019-02-08,-28.04,5.95
2019-02-11,-28.07,5.45
2019-02-12,-28.13,4.59
2019-02-13,-28.21,4.37
2019-02-14,-28.33,4.35
2019-02-15,-29.69,4.07
2019-02-18,-29.8,3.78
2019-02-19,-29.9,3.82
2019-02-20,-30.08,4.05
2019-02-21,-30.35,4.16
2019-02-22,-30.64,4.33
2019-02-25,-30.93,4.02
2019-02-26,-31.3,3.78
2019-02-27,-31.58,3.76
2019-02-28,-31.78,3.48
2019-03-01,-31.94,3.75
2019-03-04,-31.95,3.41
2019-03-05,-31.88,3.41
2019-03-06,-31.74,3.52
2019-03-07,-31.58,3.22
2019-03-08,-31.41,2.86
2019-03-11,-31.2,2.72
2019-03-12,-30.88,2.68
2019-03-13,-30.76,2.44
2019-03-14,-30.62,2.5
2019-03-15,-30.53,2.52
2019-03-18,-30.5,2.61
2019-03-19,-30.27,2.59
2019-03-20,-29.99,2.39
2019-03-21,-29.68,2.63
2019-03-22,-29.47,2.62
2019-03-25,-29.3,2.72
2019-03-26,-29.13,2.84
2019-03-27,-29.01,2.8
2019-03-28,-28.85,2.56
2019-03-29,-28.68,2.52
2019-04-01,-28.27,2.74
2019-04-02,-27.95,2.98
2019-04-03,-27.47,2.99
2019-04-04,-27.1,3.11
2019-04-05,-26.91,3.48
2019-04-08,-26.87,3.84
2019-04-09,-26.96,3.92
2019-04-10,-26.97,4.09
2019-04-11,-25.69,4.34
2019-04-12,-24.62,4.66
2019-04-15,-24.7,5.15
2019-04-16,-24.83,5.59
2019-04-17,-23.7,5.92
2019-04-18,-23.88,6.33
2019-04-19,-23.96,6.82
2019-04-22,-24.02,7.66
2019-04-23,-23.97,8.43
2019-04-24,-24.11,8.77
2019-04-25,-24.06,9.21
2019-04-26,-23.82,9.58
2019-04-29,-23.79,9.58
2019-04-30,-24.97,9.64
2019-05-01,-25.84,9.58
2019-05-02,-25.57,9.38
2019-05-03,-25.33,9.33
2019-05-06,-26.35,9.11
2019-05-07,-26.14,8.87
2019-05-08,-25.93,8.47
2019-05-09,-25.71,7.93
2019-05-10,-25.73,7.55
2019-05-13,-25.38,7.25
2019-05-14,-25.03,7.26
2019-05-15,-24.85,7.21
2019-05-16,-24.59,7.4
2019-05-17,-24.45,7.53
2019-05-20,-24.32,7.71
2019-05-21,-24.17,8.02
2019-05-22,-21.24,8.14
2019-05-23,-20.8,8.33
2019-05-24,-19.44,8.16
2019-05-27,-18.9,8.18
2019-05-28,-18.5,7.85
2019-05-29,-17.72,7.66
2019-05-30,-17.07,7.63
2019-05-31,-15.55,7.42
2019-06-03,-15.05,7.32
2019-06-04,-14.44,7.72
2019-06-05,-13.81,8.03
2019-06-06,-13.39,8.45
2019-06-07,-12.85,8.72
2019-06-10,-15.11,8.85
2019-06-11,-14.7,9.09
2019-06-12,-15.21,9.58
2019-06-13,-14.84,10.36
2019-06-14,-14.36,11.28
2019-06-17,-14.11,11.61
2019-06-18,-14.01,12.23
2019-06-19,-14.65,12.53
2019-06-20,-14.3,12.97
2019-06-21,-14.09,12.77
2019-06-24,-13.5,12.42
2019-06-25,-13.0,11.94
2019-06-26,-12.51,11.25
2019-06-27,-11.91,11.0
2019-06-28,-11.68,10.41
2019-07-01,-11.48,9.67
2019-07-02,-11.24,9.05
2019-07-03,-11.2,8.65
2019-07-04,-11.08,8.63
2019-07-05,-10.91,8.3
2019-07-08,-11.09,8.0
2019-07-09,-11.18,7.93
2019-07-10,-11.16,8.07
2019-07-11,-11.59,8.56
2019-07-12,-11.86,9.06
2019-07-15,-12.42,9.91
2019-07-16,-12.98,10.85
2019-07-17,-13.59,11.75
2019-07-18,-14.03,12.61
2019-07-19,-14.61,13.12
2019-07-22,-14.93,13.61
2019-07-23,-15.17,14.13
2019-07-24,-15.56,14.4
2019-07-25,-15.42,14.66
2019-07-26,-14.69,14.6
2019-07-29,-14.6,14.03
2019-07-30,-15.12,13.41
2019-07-31,-15.06,12.83
2019-08-01,-15.15,12.38
2019-08-02,-15.08,11.81
2019-08-05,-14.93,11.44
2019-08-06,-14.78,11.56
2019-08-07,-14.78,11.53
2019-08-08,-14.45,11.49
2019-08-09,-14.31,11.02
2019-08-12,-13.98,10.4
2019-08-13,-13.79,9.93
2019-08-14,-13.8,9.12
2019-08-15,-13.28,8.94
2019-08-16,-11.85,8.62
2019-08-19,-11.27,8.14
2019-08-20,-10.5,7.37
2019-08-21,-9.9,6.4
2019-08-22,-9.21,5.44
2019-08-23,-8.69,4.14
2019-08-26,-7.99,2.95
2019-08-27,-7.6,1.82
2019-08-28,-6.84,0.94
2019-08-29,-6.3,0.74
2019-08-30,-6.08,0.65
2019-09-02,-6.39,1.03
2019-09-03,-6.54,1.12
2019-09-04,-7.0,1.3
2019-09-05,-7.5,1.55
2019-09-06,-7.68,1.98
2019-09-09,-7.75,2.68
2019-09-10,-8.13,3.63
2019-09-11,-8.4,4.3
2019-09-12,-8.37,5.01
2019-09-13,-8.93,5.73
2019-09-16,-9.41,6.58
2019-09-17,-10.07,7.59
2019-09-18,-10.51,8.48
2019-09-19,-10.58,10.91
2019-09-20,-10.54,13.89
2019-09-23,-10.36,16.6
2019-09-24,-9.96,19.12
2019-09-25,-9.67,21.81
2019-09-26,-9.66,23.91
2019-09-27,-9.09,25.46
2019-09-30,-8.71,27.23
2019-10-01,-8.62,28.83
2019-10-02,-7.97,30.52
2019-10-03,-7.4,31.8
2019-10-04,-6.57,32.17
2019-10-07,-6.14,32.54
2019-10-08,-5.82,31.68
2019-10-09,-5.64,29.93
2019-10-10,-5.42,28.28
2019-10-11,-5.13,27.02
2019-10-14,-4.84,25.48
2019-10-15,-4.59,24.56
2019-10-16,-3.47,23.18
2019-10-17,-3.53,21.84
2019-10-18,-2.12,20.69
2019-10-21,-2.07,19.04
2019-10-22,-2.42,17.51
2019-10-23,-2.68,16.6
2019-10-24,-2.52,15.68
2019-10-25,-2.51,13.77
2019-10-28,-2.6,12.34
2019-10-29,-2.81,11.44
2019-10-30,-3.0,10.22
2019-10-31,-3.56,9.15
2019-11-01,-3.93,7.8
2019-11-04,-5.29,7.1
2019-11-05,-5.48,6.97
2019-11-06,-7.3,6.08
2019-11-07,-7.78,5.26
2019-11-08,-8.06,4.55
2019-11-11,-8.45,3.27
2019-11-12,-8.86,2.41
2019-11-13,-9.27,1.65
2019-11-14,-9.61,0.78
2019-11-15,-9.77,-0.34
2019-11-18,-9.97,-1.34
2019-11-19,-9.78,-2.46
2019-11-20,-9.66,-3.53
2019-11-21,-9.63,-4.23
2019-11-22,-9.55,-5.66
2019-11-25,-9.26,-6.64
2019-11-26,-8.82,-7.42
2019-11-27,-8.4,-7.98
2019-11-28,-8.07,-7.73
2019-11-29,-7.71,-7.66
2019-12-02,-7.44,-6.53
2019-12-03,-6.85,-5.18
2019-12-04,-6.45,-4.26
2019-12-05,-6.15,-3.48
2019-12-06,-5.79,-1.34
2019-12-09,-5.5,0.99
2019-12-10,-5.08,3.05
2019-12-11,-4.8,4.93
2019-12-12,-4.72,6.9
2019-12-13,-4.93,9.15
2019-12-16,-4.98,11.24
2019-12-17,-4.1,12.97
2019-12-18,-3.34,14.58
2019-12-19,-3.43,14.63
2019-12-20,-3.29,14.48
2019-12-23,-1.34,14.4
2019-12-24,-0.04,14.65
2019-12-25,1.38,13.76
2019-12-26,1.64,12.64
2019-12-27,1.76,11.43
2019-12-30,2.02,10.36
2019-12-31,2.39,9.87
2020-01-01,2.84,8.96
2020-01-02,3.09,8.05
2020-01-03,1.64,7.12
2020-01-06,1.22,6.07
2020-01-07,1.61,5.76
2020-01-08,1.55,5.67
2020-01-09,-0.35,5.78
2020-01-10,-0.65,5.84
2020-01-13,-1.88,5.61
2020-01-14,-2.16,5.52
2020-01-15,-2.48,5.52
2020-01-16,-2.83,5.85
2020-01-17,-2.44,5.48
2020-01-20,-2.53,5.13
2020-01-21,-2.56,4.92
2020-01-22,-1.69,4.65
2020-01-23,-1.8,4.45
2020-01-24,-1.96,4.18
2020-01-27,-1.36,3.84
2020-01-28,-1.37,3.53
2020-01-29,-1.58,3.11
2020-01-30,-1.77,2.64
2020-01-31,-1.78,2.17
2020-02-03,-1.63,1.7
2020-02-04,-1.28,1.1
2020-02-05,-1.63,0.58
2020-02-06,-1.59,0.36
2020-02-07,-1.49,0.08
2020-02-10,-1.41,-0.06
2020-02-11,-1.38,-0.07
2020-02-12,-1.3,0.08
2020-02-13,-1.94,0.25
2020-02-14,-1.96,0.38
2020-02-17,-2.73,0.63
2020-02-18,-2.58,1.01
2020-02-19,-2.01,1.28
2020-02-20,-1.65,2.63
2020-02-21,-1.66,4.04
2020-02-24,-0.62,5.23
2020-02-25,-0.5,7.67
2020-02-26,0.41,10.31
2020-02-27,1.63,13.44
2020-02-28,2.96,16.98
2020-03-02,2.92,19.37
2020-03-03,2.81,21.08
2020-03-04,2.93,23.88
2020-03-05,3.54,30.12
2020-03-06,5.6,36.24
2020-03-09,4.53,43.31
2020-03-10,3.97,49.94
2020-03-11,3.4,58.4
2020-03-12,2.98,63.78
2020-03-13,3.62,68.29
2020-03-16,3.57,72.14
2020-03-17,3.63,75.56
2020-03-18,3.39,77.94
2020-03-19,5.15,81.11
2020-03-20,6.33,84.64
2020-03-23,7.87,86.12
2020-03-24,9.33,84.74
2020-03-25,8.71,82.91
2020-03-26,10.95,79.93
2020-03-27,12.67,76.4
2020-03-30,15.57,71.28
2020-03-31,17.08,69.4
2020-04-01,18.73,66.66
2020-04-02,19.19,64.28
2020-04-03,19.52,61.86
2020-04-06,20.64,59.72
2020-04-07,20.88,57.94
2020-04-08,21.41,55.93
2020-04-09,21.32,54.84
2020-04-10,21.26,53.26
2020-04-13,21.65,52.02
2020-04-14,21.87,50.95
2020-04-15,22.1,49.48
2020-04-16,21.32,47.53
2020-04-17,20.34,45.94
2020-04-20,19.25,44.52
2020-04-21,18.92,43.07
2020-04-22,18.03,41.1
2020-04-23,16.59,39.26
2020-04-24,15.18,37.4
2020-04-27,14.04,35.71
2020-04-28,13.25,34.49
2020-04-29,12.09,33.22
2020-04-30,10.55,31.98
2020-05-01,9.23,30.64
2020-05-04,8.3,29.6
2020-05-05,7.23,29.01
2020-05-06,6.54,28.13
2020-05-07,6.04,27.35
2020-05-08,6.1,26.85
2020-05-11,6.65,26.59
2020-05-12,7.08,26.28
2020-05-13,7.96,26.0
2020-05-14,8.74,25.9
2020-05-15,9.22,25.54
2020-05-18,9.93,24.36
2020-05-19,10.92,23.34
2020-05-20,11.87,22.7
2020-05-21,12.52,21.87
2020-05-22,13.7,20.79
2020-05-25,14.62,19.86
2020-05-26,15.49,19.35
2020-05-27,16.0,18.45
2020-05-28,16.44,17.68
2020-05-29,16.72,17.39
2020-06-01,16.74,16.7
2020-06-02,16.59,16.07
2020-06-03,16.14,15.72
2020-06-04,15.2,16.35
2020-06-05,14.23,16.77
2020-06-08,13.2,17.06
2020-06-09,12.26,17.62
2020-06-10,11.28,18.04
2020-06-11,11.37,18.41
2020-06-12,10.6,18.61
2020-06-15,10.02,18.99
2020-06-16,9.51,19.4
2020-06-17,9.11,19.34
2020-06-18,8.83,19.75
2020-06-19,8.86,20.23
2020-06-22,9.22,20.36
2020-06-23,10.01,20.09
2020-06-24,10.85,20.23
2020-06-25,11.66,20.13
2020-06-26,12.46,19.87
2020-06-29,13.13,19.92
2020-06-30,12.89,20.06
2020-07-01,13.48,19.67
2020-07-02,13.87,19.62
2020-07-03,14.16,19.74
2020-07-06,14.27,19.7
2020-07-07,14.41,19.7
2020-07-08,14.52,19.67
2020-07-09,14.62,19.69
2020-07-10,14.53,19.92
2020-07-13,14.37,19.78
2020-07-14,14.18,19.85
2020-07-15,13.92,19.98
2020-07-16,13.5,19.93
2020-07-17,12.98,19.74
2020-07-20,12.52,19.76
2020-07-21,11.99,19.65
2020-07-22,11.35,19.3
2020-07-23,10.93,19.24
2020-07-24,10.27,19.03
2020-07-27,9.99,18.72
2020-07-28,9.48,18.33
2020-07-29,9.17,17.91
2020-07-30,8.89,17.68
2020-07-31,8.42,17.44
2020-08-03,7.71,17.05
2020-08-04,6.86,16.92
2020-08-05,6.32,16.76
2020-08-06,5.41,16.62
2020-08-07,4.63,16.45
2020-08-10,3.89,16.11
2020-08-11,3.0,15.94
2020-08-12,2.31,15.67
2020-08-13,1.45,15.41
2020-08-14,0.76,15.17
2020-08-17,0.26,14.89
2020-08-18,-0.14,14.7
2020-08-19,-0.62,14.39
2020-08-20,-0.69,14.38
2020-08-21,-0.41,14.09
2020-08-24,-0.21,13.76
2020-08-25,-0.09,13.69
2020-08-26,-0.05,13.56
2020-08-27,-0.31,13.65
2020-08-28,-0.27,13.61
2020-08-31,-0.15,13.72
2020-09-01,-0.25,14.07
2020-09-02,0.04,13.91
2020-09-03,-0.05,14.27
2020-09-04,-0.23,14.56
2020-09-07,-0.16,14.79
2020-09-08,-0.46,14.5
2020-09-09,-0.85,14.44
2020-09-10,-1.32,14.73
2020-09-11,-1.53,14.98
2020-09-14,-1.59,15.11
2020-09-15,-1.33,15.2
2020-09-16,-1.27,15.24
2020-09-17,-1.26,15.02
2020-09-18,-1.2,14.88
2020-09-21,-1.48,16.22
2020-09-22,-1.73,16.97
2020-09-23,-1.84,17.51
2020-09-24,-1.98,18.1
2020-09-25,-2.07,19.07
2020-09-28,-1.97,19.84
2020-09-29,-1.99,20.14
2020-09-30,-1.99,20.57
2020-10-01,-1.93,21.03
2020-10-02,-1.97,21.62
2020-10-05,-1.87,22.26
2020-10-06,-1.93,23.13
2020-10-07,-2.06,23.88
2020-10-08,-2.23,23.41
2020-10-09,-2.44,23.08
2020-10-12,-2.6,22.53
2020-10-13,-2.78,22.5
2020-10-14,-2.75,22.55
2020-10-15,-2.94,22.76
2020-10-16,-2.0,22.98
2020-10-19,-1.95,23.06
2020-10-20,-2.23,23.05
2020-10-21,-2.39,23.01
2020-10-22,-2.72,22.96
2020-10-23,-2.89,22.98
2020-10-26,-3.11,22.91
2020-10-27,-2.97,23.15
2020-10-28,-2.79,23.23
2020-10-29,-2.82,23.73
2020-10-30,-2.6,23.75
2020-11-02,-2.63,23.52
2020-11-03,-2.79,23.39
2020-11-04,-3.72,23.43
2020-11-05,-4.07,23.62
2020-11-06,-4.3,23.94
2020-11-09,-3.84,23.91
2020-11-10,-3.84,24.13
2020-11-11,-3.83,24.38
2020-11-12,-3.75,24.64
2020-11-13,-4.05,24.8
2020-11-16,-4.24,24.96
2020-11-17,-4.08,24.96
2020-11-18,-4.34,24.89
2020-11-19,-4.37,25.23
2020-11-20,-4.22,25.43
2020-11-23,-4.61,25.47
2020-11-24,-4.65,24.76
2020-11-25,-4.64,24.43
2020-11-26,-5.49,24.1
2020-11-27,-5.52,24.22
2020-11-30,-5.47,24.7
2020-12-01,-5.51,24.88
2020-12-02,-5.37,25.15
2020-12-03,-5.55,25.61
2020-12-04,-5.79,25.92
2020-12-07,-5.93,26.18
2020-12-08,-6.06,26.59
2020-12-09,-6.19,26.89
2020-12-10,-6.16,27.01
2020-12-11,-6.16,28.11
2020-12-14,-6.04,29.03
2020-12-15,-5.76,29.67
2020-12-16,-5.69,29.26
2020-12-17,-5.68,28.41
2020-12-18,-5.5,27.52
2020-12-21,-5.52,26.22
2020-12-22,-5.33,24.87
2020-12-23,-5.27,23.61
2020-12-24,-5.03,22.51
2020-12-25,-4.91,20.84
2020-12-28,-5.28,19.14
2020-12-29,-4.75,17.79
2020-12-30,-4.92,16.2
2020-12-31,-4.97,14.3
2021-01-01,-5.19,13.05
2021-01-04,-5.08,12.14
2021-01-05,-5.08,11.18
2021-01-06,-5.44,10.72
2021-01-07,-5.51,10.62
2021-01-08,-5.51,10.41
2021-01-11,-5.6,10.36
2021-01-12,-5.75,10.6
2021-01-13,-5.86,11.19
2021-01-14,-5.35,11.71
2021-01-15,-4.73,12.11
2021-01-18,-4.19,12.46
2021-01-19,-3.88,12.59
2021-01-20,-3.46,13.13
2021-01-21,-3.32,13.21
2021-01-22,-2.66,13.39
2021-01-25,-2.04,13.44
2021-01-26,-1.37,13.42
2021-01-27,-0.63,13.6
2021-01-28,0.38,13.71
2021-01-29,1.91,13.42
2021-02-01,2.93,12.88
2021-02-02,3.8,12.27
2021-02-03,3.22,11.96
2021-02-04,3.35,11.54
2021-02-05,3.49,11.18
2021-02-08,3.47,10.38
2021-02-09,3.74,9.96
2021-02-10,3.38,9.94
2021-02-11,3.27,9.53
2021-02-12,2.97,9.27
2021-02-15,2.79,9.13
2021-02-16,2.25,9.16
2021-02-17,0.83,9.28
2021-02-18,0.55,9.63
2021-02-19,-0.11,10.04
2021-02-22,-0.0,10.08
2021-02-23,-0.09,10.22
2021-02-24,-0.26,10.42
2021-02-25,-0.04,10.94
2021-02-26,-0.43,11.42
2021-03-01,-0.54,11.34
2021-03-02,-0.59,11.78
2021-03-03,-0.86,12.12
2021-03-04,-1.31,12.45
2021-03-05,-1.42,12.76
2021-03-08,-1.39,13.07
2021-03-09,-1.83,13.39
2021-03-10,-2.11,13.69
2021-03-11,-2.6,14.16
2021-03-12,-2.98,14.68
2021-03-15,-3.29,15.39
2021-03-16,-3.71,15.77
2021-03-17,-3.97,15.88
2021-03-18,-4.45,16.27
2021-03-19,-4.77,16.52
2021-03-22,-4.76,16.86
2021-03-23,-4.98,16.94
2021-03-24,-5.28,16.74
2021-03-25,-5.6,16.53
2021-03-26,-5.98,16.26
2021-03-29,-6.1,16.04
2021-03-30,-6.29,15.94
2021-03-31,-6.25,15.72
2021-04-01,-6.25,15.5
2021-04-02,-6.36,15.37
2021-04-05,-6.31,15.62
2021-04-06,-6.45,15.66
2021-04-07,-6.79,15.7
2021-04-08,-7.24,15.64
2021-04-09,-7.72,15.6
2021-04-12,-8.06,15.68
2021-04-13,-7.99,15.73
2021-04-14,-7.98,15.84
2021-04-15,-8.12,15.99
2021-04-16,-8.19,16.17
2021-04-19,-8.51,16.26
2021-04-20,-8.54,16.27
2021-04-21,-8.56,16.29
2021-04-22,-8.78,16.29
2021-04-23,-8.64,16.27
2021-04-26,-8.42,16.28
2021-04-27,-8.05,16.17
2021-04-28,-7.74,15.99
2021-04-29,-7.64,15.9
2021-04-30,-7.77,15.92
2021-05-03,-7.87,15.77
2021-05-04,-7.82,15.53
2021-05-05,-4.24,15.1
2021-05-06,-3.82,14.89
2021-05-07,-3.81,14.68
2021-05-10,-3.57,14.34
2021-05-11,-3.55,14.11
2021-05-12,-3.39,13.88
2021-05-13,-3.29,13.62
2021-05-14,-1.96,13.48
2021-05-17,-1.84,13.47
2021-05-18,-1.78,13.53
2021-05-19,-1.62,13.37
2021-05-20,-1.49,13.15
2021-05-21,-1.72,13.08
2021-05-24,-5.29,13.08
2021-05-25,-5.52,13.03
2021-05-26,-5.65,12.95
2021-05-27,-5.8,12.74
2021-05-28,-5.68,12.4
2021-05-31,-5.69,12.27
2021-06-01,-5.62,11.95
2021-06-02,-7.0,11.8
2021-06-03,-7.2,11.61
2021-06-04,-7.28,11.37
2021-06-07,-7.38,11.36
2021-06-08,-7.86,11.45
2021-06-09,-7.48,11.46
2021-06-10,-7.11,11.56
2021-06-11,-7.09,11.45
2021-06-14,-6.72,11.43
2021-06-15,-6.6,11.63
2021-06-16,-6.49,11.66
2021-06-17,-6.35,11.55
2021-06-18,-6.2,11.82
2021-06-21,-6.15,11.74
2021-06-22,-5.97,12.07
2021-06-23,-5.18,12.13
2021-06-24,-4.56,11.95
2021-06-25,-3.54,11.89
2021-06-28,-2.85,11.83
2021-06-29,-2.51,11.78
2021-06-30,-1.99,11.73
2021-07-01,-1.95,11.54
2021-07-02,-1.95,11.47
2021-07-05,-1.9,11.47
2021-07-06,-1.65,11.67
2021-07-07,-1.41,11.5
2021-07-08,-1.09,11.56
2021-07-09,-0.5,11.29
2021-07-12,-0.86,11.18
2021-07-13,-1.1,11.36
2021-07-14,-1.47,11.31
2021-07-15,-2.07,11.28
2021-07-16,-2.55,11.17
2021-07-19,-2.71,11.15
2021-07-20,-2.61,11.15
2021-07-21,-2.59,11.05
2021-07-22,-2.42,10.9
2021-07-23,-2.34,10.6
2021-07-26,-2.45,10.35
2021-07-27,-2.27,10.09
2021-07-28,-2.39,9.55
2021-07-29,-2.29,9.32
2021-07-30,-2.0,8.91
2021-08-02,-1.65,8.65
2021-08-03,-1.28,8.39
2021-08-04,-0.95,8.2
2021-08-05,-0.59,7.97
2021-08-06,-0.42,7.78
2021-08-09,-0.13,7.45
2021-08-10,0.21,7.41
2021-08-11,0.29,7.36
2021-08-12,0.41,7.43
2021-08-13,0.31,7.46
2021-08-16,0.21,7.61
2021-08-17,0.3,7.68
2021-08-18,0.32,7.61
2021-08-19,0.58,7.53
2021-08-20,0.93,7.43
2021-08-23,1.12,7.29
2021-08-24,1.38,7.07
2021-08-25,1.94,6.94
2021-08-26,2.36,6.92
2021-08-27,2.73,6.75
2021-08-30,3.41,6.56
2021-08-31,4.18,6.37
2021-09-01,4.88,6.19
2021-09-02,5.57,6.09
2021-09-03,6.19,5.87
2021-09-06,6.7,5.87
2021-09-07,6.55,5.89
2021-09-08,6.29,5.91
2021-09-09,6.55,5.81
2021-09-10,6.53,6.0
2021-09-13,6.19,6.12
2021-09-14,6.08,6.26
2021-09-15,5.28,6.45
2021-09-16,4.67,6.7
2021-09-17,3.94,6.79
2021-09-20,3.17,6.83
2021-09-21,2.8,8.15
2021-09-22,2.48,9.27
2021-09-23,2.37,10.43
2021-09-24,2.43,11.44
2021-09-27,2.59,12.49
2021-09-28,2.56,13.78
2021-09-29,2.32,14.43
2021-09-30,2.26,15.42
2021-10-01,2.23,16.58
2021-10-04,2.87,17.55
2021-10-05,3.18,18.72
2021-10-06,3.54,20.19
2021-10-07,4.04,21.69
2021-10-08,4.46,22.01
2021-10-11,4.71,22.52
2021-10-12,4.88,22.78
2021-10-13,5.29,23.01
2021-10-14,5.69,23.49
2021-10-15,6.18,23.79
2021-10-18,7.06,24.61
2021-10-19,8.09,24.93
2021-10-20,8.2,24.89
2021-10-21,8.62,25.07
2021-10-22,8.93,24.85
2021-10-25,9.52,24.54
2021-10-26,9.74,24.23
2021-10-27,10.19,23.85
2021-10-28,10.63,23.54
2021-10-29,11.07,23.56
2021-11-01,11.61,23.89
2021-11-02,11.81,24.07
2021-11-03,11.94,24.09
2021-11-04,11.97,23.97
2021-11-05,11.74,24.34
2021-11-08,12.16,25.16
2021-11-09,12.18,25.89
2021-11-10,12.17,26.89
2021-11-11,11.84,27.74
2021-11-12,12.07,28.95
2021-11-15,11.94,30.22
2021-11-16,11.61,31.14
2021-11-17,11.27,31.88
2021-11-18,10.75,32.39
2021-11-19,10.3,32.53
2021-11-22,9.95,32.8
2021-11-23,9.57,33.02
2021-11-24,9.18,32.58
2021-11-25,8.91,31.57
2021-11-26,8.54,30.8
2021-11-29,8.1,29.87
2021-11-30,7.99,28.17
2021-12-01,7.62,26.4
2021-12-02,7.31,24.67
2021-12-03,7.26,22.98
2021-12-06,7.13,21.75
2021-12-07,6.87,20.54
2021-12-08,6.91,20.26
2021-12-09,6.52,19.07
2021-12-10,6.02,17.74
2021-12-13,6.09,16.28
2021-12-14,6.23,15.42
2021-12-15,6.53,14.55
2021-12-16,6.39,13.67
2021-12-17,5.76,13.75
2021-12-20,5.55,13.52
2021-12-21,5.3,13.44
2021-12-22,5.38,13.52
2021-12-23,5.45,13.09
2021-12-24,4.44,12.46
2021-12-27,3.86,10.84
2021-12-28,3.43,10.46
2021-12-29,4.48,10.67
2021-12-30,4.61,11.15
2021-12-31,4.88,11.5
2022-01-03,5.36,11.47
2022-01-04,5.75,11.64
2022-01-05,6.86,11.54
2022-01-06,7.39,11.45
2022-01-07,8.15,11.24
2022-01-10,8.26,11.22
2022-01-11,8.67,11.19
2022-01-12,10.49,11.14
2022-01-13,11.72,11.51
2022-01-14,12.1,11.52
2022-01-17,11.58,11.12
2022-01-18,11.72,11.08
2022-01-19,11.56,10.86
2022-01-20,11.14,11.14
2022-01-21,11.27,11.26
2022-01-24,11.26,11.31
2022-01-25,11.28,11.46
2022-01-26,11.16,11.83
2022-01-27,11.43,12.14
2022-01-28,11.21,12.43
2022-01-31,10.82,12.68
2022-02-01,10.24,12.84
2022-02-02,10.75,13.23
2022-02-03,10.58,13.81
2022-02-04,10.04,14.18
2022-02-07,9.96,14.17
2022-02-08,9.64,14.0
2022-02-09,9.26,14.26
2022-02-10,8.54,14.82
2022-02-11,8.11,15.22
2022-02-14,7.83,15.72
2022-02-15,7.0,16.12
2022-02-16,6.18,17.41
2022-02-17,5.75,18.93
2022-02-18,5.47,21.14
2022-02-21,4.8,23.05
2022-02-22,4.44,24.84
2022-02-23,4.26,26.16
2022-02-24,3.74,28.63
2022-02-25,3.23,31.47
2022-02-28,2.88,33.36
2022-03-01,2.42,34.52
2022-03-02,2.02,36.11
2022-03-03,1.21,37.15
2022-03-04,0.86,38.21
2022-03-07,0.89,38.2
2022-03-08,0.7,38.56
2022-03-09,0.57,37.88
2022-03-10,0.81,37.25
2022-03-11,0.88,36.14
2022-03-14,0.73,35.74
2022-03-15,0.6,35.1
2022-03-16,0.49,33.7
2022-03-17,0.47,32.83
2022-03-18,0.75,32.46
2022-03-21,0.95,31.36
2022-03-22,1.16,30.91
2022-03-23,1.21,30.55
2022-03-24,0.9,30.47
2022-03-25,0.37,29.94
2022-03-28,-0.59,28.82
2022-03-29,-1.68,28.2
2022-03-30,-2.46,28.28
2022-03-31,-2.6,28.21
2022-04-01,-2.69,27.66
2022-04-04,-2.72,26.75
2022-04-05,-3.26,26.07
2022-04-06,-4.68,25.66
2022-04-07,-5.53,25.62
2022-04-08,-6.45,25.85
2022-04-11,-6.75,24.86
2022-04-12,-6.84,24.19
2022-04-13,-6.95,24.07
2022-04-14,-6.48,25.24
2022-04-15,-5.85,26.27
2022-04-18,-5.27,26.99
2022-04-19,-5.58,28.19
2022-04-20,-5.4,30.25
2022-04-21,-5.64,33.14
2022-04-22,-5.7,36.09
2022-04-25,-4.86,37.87
2022-04-26,-4.38,40.07
2022-04-27,-3.64,41.75
2022-04-28,-3.38,44.54
2022-04-29,-3.07,47.26
2022-05-02,-3.16,49.24
2022-05-03,-2.92,51.36
2022-05-04,-2.74,52.88
2022-05-05,-2.86,53.12
2022-05-06,-2.74,53.82
2022-05-09,-3.08,53.13
2022-05-10,-2.96,52.83
2022-05-11,-2.58,51.78
2022-05-12,-2.51,51.84
2022-05-13,-2.84,51.83
2022-05-16,-3.3,51.48
2022-05-17,-3.49,51.11
2022-05-18,-1.65,50.55
2022-05-19,-1.4,50.08
2022-05-20,-2.05,49.08
2022-05-23,-2.86,48.53
2022-05-24,-3.51,49.38
2022-05-25,-4.6,49.07
2022-05-26,-5.8,48.95
2022-05-27,-4.67,47.95
2022-05-30,-5.15,47.15
2022-05-31,-5.69,47.0
2022-06-01,-6.07,46.81
2022-06-02,-6.45,46.3
2022-06-03,-7.05,45.6
2022-06-06,-10.12,44.03
2022-06-07,-10.31,43.89
2022-06-08,-10.09,44.64
2022-06-09,-10.52,45.31
2022-06-10,-10.82,45.85
2022-06-13,-10.49,47.09
2022-06-14,-9.72,49.04
2022-06-15,-11.41,50.57
2022-06-16,-10.4,51.89
2022-06-17,-10.16,52.29
2022-06-20,-10.02,51.6
2022-06-21,-10.14,52.04
2022-06-22,-10.37,53.08
2022-06-23,-10.08,54.52
2022-06-24,-10.07,55.16
2022-06-27,-10.59,54.32
2022-06-28,-10.15,53.21
2022-06-29,-9.82,51.4
2022-06-30,-9.44,49.18
2022-07-01,-9.67,45.72
2022-07-04,-9.67,42.21
2022-07-05,-10.56,39.57
2022-07-06,-11.18,37.48
2022-07-07,-11.21,36.4
2022-07-08,-10.93,33.41
2022-07-11,-10.7,29.05
2022-07-12,-10.37,25.67
2022-07-13,-10.59,22.33
2022-07-14,-11.09,19.66
2022-07-15,-11.05,17.12
2022-07-18,-11.36,15.18
2022-07-19,-11.59,14.05
2022-07-20,-11.52,13.63
2022-07-21,-11.64,14.01
2022-07-22,-10.33,13.81
2022-07-25,-10.18,12.21
2022-07-26,-10.31,11.57
2022-07-27,-10.75,12.05
2022-07-28,-11.22,13.49
2022-07-29,-11.87,14.25
2022-08-01,-12.42,14.18
2022-08-02,-12.28,14.16
2022-08-03,-12.92,14.45
2022-08-04,-13.63,15.07
2022-08-05,-13.94,14.71
2022-08-08,-14.37,13.61
2022-08-09,-14.66,13.68
2022-08-10,-16.79,13.57
2022-08-11,-16.95,14.72
2022-08-12,-17.47,14.64
2022-08-15,-17.71,14.65
2022-08-16,-17.67,15.3
2022-08-17,-17.78,15.51
2022-08-18,-18.17,16.32
2022-08-19,-18.24,16.63
2022-08-22,-18.3,16.45
2022-08-23,-18.04,16.81
2022-08-24,-18.51,16.93
2022-08-25,-18.9,18.21
2022-08-26,-18.77,17.97
2022-08-29,-19.08,18.53
2022-08-30,-19.24,18.7
2022-08-31,-19.43,18.86
2022-09-01,-19.63,18.74
2022-09-02,-20.45,17.61
2022-09-05,-21.02,17.26
2022-09-06,-21.33,17.35
2022-09-07,-21.97,17.58
2022-09-08,-22.56,18.47
2022-09-09,-23.33,19.26
2022-09-12,-23.96,18.98
2022-09-13,-24.83,18.98
2022-09-14,-26.47,19.71
2022-09-15,-27.5,20.55
2022-09-16,-29.58,21.43
2022-09-19,-31.0,21.95
2022-09-20,-32.15,22.26
2022-09-21,-32.83,26.55
2022-09-22,-33.55,30.66
2022-09-23,-34.46,34.58
2022-09-26,-35.4,38.05
2022-09-27,-35.98,41.33
2022-09-28,-36.56,43.1
2022-09-29,-37.33,46.53
2022-09-30,-37.59,49.33
2022-10-03,-37.71,52.04
2022-10-04,-37.77,54.2
2022-10-05,-37.74,55.95
2022-10-06,-38.15,57.98
2022-10-07,-38.58,60.3
2022-10-10,-39.13,57.65
2022-10-11,-39.34,54.23
2022-10-12,-39.21,50.54
2022-10-13,-39.95,47.81
2022-10-14,-40.18,44.52
2022-10-17,-40.18,42.18
2022-10-18,-39.87,40.12
2022-10-19,-40.26,37.65
2022-10-20,-40.3,34.75
2022-10-21,-40.43,32.08
2022-10-24,-39.66,29.52
2022-10-25,-39.18,27.56
2022-10-26,-38.88,25.72
2022-10-27,-38.28,25.49
2022-10-28,-38.15,26.3
2022-10-31,-38.11,26.28
2022-11-01,-36.9,25.96
2022-11-02,-36.57,25.33
2022-11-03,-36.21,25.27
2022-11-04,-35.82,24.88
2022-11-07,-34.93,24.46
2022-11-08,-34.52,24.56
2022-11-09,-34.03,24.05
2022-11-10,-33.54,24.49
2022-11-11,-32.9,24.32
2022-11-14,-32.43,23.57
2022-11-15,-31.96,21.72
2022-11-16,-31.46,19.61
2022-11-17,-31.03,18.0
2022-11-18,-30.72,15.41
2022-11-21,-30.49,14.72
2022-11-22,-30.38,13.23
2022-11-23,-30.34,12.16
2022-11-24,-30.48,11.43
2022-11-25,-30.07,10.27
2022-11-28,-29.72,9.2
2022-11-29,-28.79,8.33
2022-11-30,-28.15,8.53
2022-12-01,-27.65,8.48
2022-12-02,-26.75,9.36
2022-12-05,-26.13,9.59
2022-12-06,-25.49,10.26
2022-12-07,-24.74,12.12
2022-12-08,-24.12,12.94
2022-12-09,-23.52,14.06
2022-12-12,-23.15,13.98
2022-12-13,-22.54,13.83
2022-12-14,-22.17,14.33
2022-12-15,-21.38,14.69
2022-12-16,-21.67,14.33
2022-12-19,-21.36,13.29
2022-12-20,-20.6,11.57
2022-12-21,-20.43,9.92
2022-12-22,-20.15,9.02
2022-12-23,-20.57,7.8
2022-12-26,-20.44,7.06
2022-12-27,-19.63,6.08
2022-12-28,-19.09,3.93
2022-12-29,-18.06,2.24
2022-12-30,-17.77,0.85
2023-01-02,-17.41,-1.62
2023-01-03,-17.19,-3.54
2023-01-04,-16.07,-4.48
2023-01-05,-16.06,-5.51
2023-01-06,-15.98,-5.0
2023-01-09,-16.35,-4.37
2023-01-10,-16.06,-4.24
2023-01-11,-14.92,-3.85
2023-01-12,-14.37,-3.94
2023-01-13,-14.39,-4.09
2023-01-16,-14.08,-3.24
2023-01-17,-14.22,-2.23
2023-01-18,-13.66,-1.59
2023-01-19,-13.24,-0.88
2023-01-20,-13.09,0.53
2023-01-23,-13.51,0.58
2023-01-24,-13.36,0.79
2023-01-25,-13.04,1.48
2023-01-26,-12.38,1.69
2023-01-27,-12.56,2.04
2023-01-30,-12.88,2.28
2023-01-31,-12.52,2.23
2023-02-01,-12.93,2.82
2023-02-02,-12.97,3.28
2023-02-03,-12.96,3.79
2023-02-06,-12.97,4.56
2023-02-07,-12.86,5.83
2023-02-08,-13.16,6.31
2023-02-09,-12.82,6.83
2023-02-10,-12.2,6.95
2023-02-13,-12.15,6.48
2023-02-14,-11.65,6.46
2023-02-15,-10.86,7.48
2023-02-16,-10.68,8.68
2023-02-17,-10.76,10.26
2023-02-20,-9.97,10.63
2023-02-21,-9.51,12.34
2023-02-22,-9.36,13.41
2023-02-23,-9.09,14.38
2023-02-24,-9.28,15.19
2023-02-27,-9.32,15.47
2023-02-28,-10.41,16.7
2023-03-01,-11.09,18.01
2023-03-02,-11.37,20.25
2023-03-03,-11.99,23.25
2023-03-06,-12.3,24.34
2023-03-07,-11.75,26.11
2023-03-08,-12.22,27.85
2023-03-09,-12.4,31.98
2023-03-10,-12.79,33.75
2023-03-13,-12.83,35.1
2023-03-14,-12.98,37.0
2023-03-15,-12.94,38.85
2023-03-16,-12.76,41.39
2023-03-17,-12.13,42.77
2023-03-20,-12.06,43.99
2023-03-21,-12.01,44.09
2023-03-22,-12.0,43.25
2023-03-23,-12.19,44.71
2023-03-24,-13.01,44.62
2023-03-27,-13.23,42.89
2023-03-28,-13.85,39.68
2023-03-29,-15.11,37.78
2023-03-30,-16.13,37.0
2023-03-31,-16.87,34.33
2023-04-03,-17.24,31.74
2023-04-04,-17.76,28.85
2023-04-05,-18.25,27.01
2023-04-06,-18.57,25.62
2023-04-07,-18.77,24.47
2023-04-10,-19.08,23.02
2023-04-11,-19.67,20.4
2023-04-12,-19.94,18.9
2023-04-13,-20.35,18.51
2023-04-14,-20.82,18.49
2023-04-17,-20.6,17.73
2023-04-18,-20.37,16.77
2023-04-19,-20.48,17.22
2023-04-20,-20.93,18.4
2023-04-21,-20.69,20.22
2023-04-24,-20.67,20.34
2023-04-25,-20.75,20.19
2023-04-26,-21.1,19.7
2023-04-27,-21.4,19.78
2023-04-28,-22.22,19.5
2023-05-01,-22.38,18.59
2023-05-02,-22.46,18.55
2023-05-03,-22.34,17.69
2023-05-04,-21.88,17.35
2023-05-05,-21.77,17.35
2023-05-08,-21.65,17.57
2023-05-09,-21.4,16.52
2023-05-10,-20.68,14.7
2023-05-11,-20.54,14.07
2023-05-12,-20.2,13.4
2023-05-15,-20.02,12.95
2023-05-16,-19.8,12.82
2023-05-17,-18.82,13.2
2023-05-18,-18.22,14.14
2023-05-19,-18.78,14.38
2023-05-22,-18.44,14.88
2023-05-23,-18.43,14.6
2023-05-24,-18.35,13.78
2023-05-25,-17.9,12.69
2023-05-26,-17.59,12.78
2023-05-29,-18.13,13.33
2023-05-30,-17.99,14.14
2023-05-31,-18.11,14.72
2023-06-01,-17.81,15.93
2023-06-02,-17.72,16.82
2023-06-05,-17.71,17.21
2023-06-06,-17.76,17.05
2023-06-07,-16.79,17.01
2023-06-08,-16.83,16.86
2023-06-09,-17.22,17.54
2023-06-12,-17.27,18.43
2023-06-13,-17.78,19.17
2023-06-14,-18.09,18.86
2023-06-15,-18.73,18.31
2023-06-16,-18.93,17.61
2023-06-19,-19.08,17.46
2023-06-20,-19.57,16.68
2023-06-21,-19.73,15.71
2023-06-22,-19.86,15.09
2023-06-23,-20.27,14.64
2023-06-26,-20.61,14.01
2023-06-27,-20.91,13.48
2023-06-28,-20.78,13.05
2023-06-29,-20.36,12.69
2023-06-30,-20.44,12.67
2023-07-03,-20.79,12.69
2023-07-04,-20.94,13.06
2023-07-05,-21.38,12.8
2023-07-06,-21.95,12.3
2023-07-07,-22.15,11.92
2023-07-10,-22.33,11.45
2023-07-11,-22.04,11.11
2023-07-12,-21.73,10.7
2023-07-13,-21.27,10.27
2023-07-14,-20.65,9.82
2023-07-17,-20.13,9.44
2023-07-18,-20.1,8.93
2023-07-19,-19.84,8.48
2023-07-20,-18.99,8.53
2023-07-21,-18.01,8.26
2023-07-24,-16.66,8.4
2023-07-25,-15.73,8.61
2023-07-26,-14.89,8.94
2023-07-27,-14.23,9.42
2023-07-28,-14.04,9.69
2023-07-31,-14.04,9.59
2023-08-01,-14.02,9.82
2023-08-02,-14.43,10.18
2023-08-03,-14.48,10.45
2023-08-04,-14.63,10.73
2023-08-07,-14.38,10.72
2023-08-08,-14.58,10.93
2023-08-09,-14.6,10.89
2023-08-10,-15.08,10.99
2023-08-11,-14.79,11.26
2023-08-14,-14.77,10.95
2023-08-15,-14.65,10.93
2023-08-16,-14.57,10.74
2023-08-17,-14.2,10.9
2023-08-18,-14.61,10.74
2023-08-21,-13.91,10.12
2023-08-22,-13.62,9.74
2023-08-23,-13.45,9.37
2023-08-24,-13.33,9.76
2023-08-25,-13.17,9.54
2023-08-28,-13.44,9.57
2023-08-29,-13.42,9.31
2023-08-30,-13.65,8.84
2023-08-31,-13.97,8.86
2023-09-01,-14.17,8.53
2023-09-04,-14.31,8.56
2023-09-05,-14.45,8.14
2023-09-06,-14.13,8.1
2023-09-07,-14.59,8.72
2023-09-08,-14.92,8.73
2023-09-11,-15.02,9.04
2023-09-12,-15.58,8.09
2023-09-13,-15.73,8.0
2023-09-14,-15.68,7.69
2023-09-15,-15.95,7.46
2023-09-18,-16.18,7.05
2023-09-19,-16.37,6.76
2023-09-20,-16.42,8.31
2023-09-21,-16.58,9.75
2023-09-22,-16.69,11.59
2023-09-25,-16.59,12.75
2023-09-26,-16.44,13.84
2023-09-27,-16.32,15.23
2023-09-28,-16.28,16.38
2023-09-29,-15.59,17.98
2023-10-02,-15.36,19.23
2023-10-03,-15.18,20.57
2023-10-04,-15.05,21.58
2023-10-05,-14.87,23.1
2023-10-06,-14.53,24.51
2023-10-09,-14.44,23.93
2023-10-10,-14.52,23.35
2023-10-11,-14.94,22.82
2023-10-12,-15.34,22.49
2023-10-13,-15.24,22.05
2023-10-16,-15.34,21.63
2023-10-17,-15.73,21.26
2023-10-18,-15.96,20.87
2023-10-19,-16.2,20.44
2023-10-20,-16.53,20.2
2023-10-23,-16.98,20.58
2023-10-24,-17.11,25.02
2023-10-25,-17.36,25.23
2023-10-26,-17.66,25.55
2023-10-27,-16.84,25.37
2023-10-30,-15.86,25.13
2023-10-31,-15.3,25.32
2023-11-01,-15.3,24.91
2023-11-02,-15.21,24.93
2023-11-03,-14.48,24.93
2023-11-06,-14.04,25.14
2023-11-07,-13.58,25.25
2023-11-08,-13.07,24.83
2023-11-09,-12.19,24.43
2023-11-10,-11.7,18.81
2023-11-13,-11.68,18.8
2023-11-14,-11.66,18.86
2023-11-15,-11.73,18.48
2023-11-16,-11.82,18.31
2023-11-17,-11.74,18.02
2023-11-20,-11.8,17.85
2023-11-21,-11.87,17.49
2023-11-22,-12.18,17.05
2023-11-23,-12.52,16.77
2023-11-24,-12.86,16.49
2023-11-27,-13.31,16.3
2023-11-28,-13.99,15.9
2023-11-29,-14.8,15.46
2023-11-30,-15.53,15.11
2023-12-01,-16.21,14.81
2023-12-04,-16.96,14.84
2023-12-05,-16.88,14.74
2023-12-06,-17.26,14.44
2023-12-07,-17.52,14.27
2023-12-08,-17.51,14.03
2023-12-11,-17.53,14.2
2023-12-12,-17.45,13.63
2023-12-13,-17.57,13.12
2023-12-14,-17.62,13.15
2023-12-15,-17.75,13.27
2023-12-18,-15.09,13.41
2023-12-19,-14.38,12.46
2023-12-20,-14.21,11.5
2023-12-21,-14.22,10.75
2023-12-22,-15.41,9.96
2023-12-25,-15.12,9.26
2023-12-26,-15.17,8.44
2023-12-27,-15.47,7.77
2023-12-28,-15.73,7.03
2023-12-29,-15.96,6.66
2024-01-01,-15.83,5.96
2024-01-02,-15.43,5.11
2024-01-03,-14.5,4.33
2024-01-04,-16.36,3.52
2024-01-05,-16.08,3.73
2024-01-08,-15.53,3.68
2024-01-09,-14.71,3.47
2024-01-10,-13.58,3.38
2024-01-11,-13.16,3.31
2024-01-12,-12.69,3.59
2024-01-15,-12.1,3.74
2024-01-16,-11.53,3.62
2024-01-17,-11.03,3.82
2024-01-18,-10.85,4.05
2024-01-19,-10.67,3.96
2024-01-22,-10.48,3.91
2024-01-23,-10.58,4.0
2024-01-24,-10.87,4.5
2024-01-25,-10.82,4.98
2024-01-26,-11.03,5.05
2024-01-29,-11.22,5.21
2024-01-30,-11.72,5.42
2024-01-31,-11.8,5.55
2024-02-01,-11.9,5.67
2024-02-02,-11.99,5.76
2024-02-05,-12.45,5.84
2024-02-06,-12.43,6.09
2024-02-07,-12.45,6.53
2024-02-08,-12.86,6.93
2024-02-09,-12.87,7.16
2024-02-12,-12.8,7.08
2024-02-13,-12.94,7.07
2024-02-14,-12.72,7.46
2024-02-15,-12.42,7.75
2024-02-16,-12.19,7.82
2024-02-19,-12.17,8.24
2024-02-20,-12.05,8.95
2024-02-21,-12.08,9.61
2024-02-22,-11.73,10.08
2024-02-23,-11.73,10.35
2024-02-26,-11.85,10.29
2024-02-27,-11.87,10.55
2024-02-28,-11.81,10.56
2024-02-29,-11.78,10.47
2024-03-01,-11.67,10.38
2024-03-04,-11.6,10.25
2024-03-05,-11.56,10.3
2024-03-06,-11.47,10.3
2024-03-07,-11.32,10.27
2024-03-08,-11.42,9.77
2024-03-11,-11.23,9.25
2024-03-12,-11.01,9.09
2024-03-13,-10.98,8.82
2024-03-14,-10.87,8.67
2024-03-15,-10.8,8.38
2024-03-18,-10.82,8.37
2024-03-19,-11.06,8.0
2024-03-20,-11.36,7.91
2024-03-21,-11.89,7.82
2024-03-22,-11.99,7.7
2024-03-25,-12.26,7.84
2024-03-26,-12.5,7.69
2024-03-27,-12.36,7.86
2024-03-28,-12.81,8.02
2024-03-29,-13.09,7.91
2024-04-01,-13.2,7.9
2024-04-02,-13.85,8.1
2024-04-03,-14.36,8.09
2024-04-04,-15.14,8.16
2024-04-05,-15.53,8.75
2024-04-08,-16.06,9.12
2024-04-09,-16.31,9.23
2024-04-10,-17.01,9.33
2024-04-11,-17.4,9.49
2024-04-12,-17.75,9.7
2024-04-15,-18.16,9.76
2024-04-16,-18.09,9.78
2024-04-17,-18.45,10.02
2024-04-18,-18.81,10.69
2024-04-19,-18.55,11.41
2024-04-22,-18.53,12.15
2024-04-23,-16.02,12.74
2024-04-24,-15.82,13.33
2024-04-25,-15.43,13.9
2024-04-26,-15.34,14.82
2024-04-29,-15.17,15.37
2024-04-30,-14.92,15.74
2024-05-01,-12.93,16.28
2024-05-02,-12.77,16.64
2024-05-03,-12.62,17.15
2024-05-06,-12.07,17.26
2024-05-07,-11.5,17.38
2024-05-08,-11.03,17.25
2024-05-09,-10.52,17.09
2024-05-10,-11.82,17.01
2024-05-13,-11.43,16.71
2024-05-14,-11.15,16.49
2024-05-15,-10.75,16.24
2024-05-16,-10.38,16.25
2024-05-17,-9.87,16.29
2024-05-20,-11.82,16.11
2024-05-21,-11.95,15.94
2024-05-22,-12.12,15.9
2024-05-23,-12.37,16.16
2024-05-24,-12.69,15.63
2024-05-27,-13.03,15.39
2024-05-28,-13.41,15.05
2024-05-29,-14.31,14.48
2024-05-30,-14.9,14.0
2024-05-31,-15.37,13.73
2024-06-03,-15.81,13.48
2024-06-04,-16.42,13.43
2024-06-05,-16.73,13.24
2024-06-06,-17.49,13.28
2024-06-07,-18.12,13.57
2024-06-10,-18.82,13.49
2024-06-11,-19.76,13.1
2024-06-12,-20.32,13.24
2024-06-13,-21.06,13.46
2024-06-14,-21.65,13.72
2024-06-17,-22.38,13.86
2024-06-18,-23.12,14.14
2024-06-19,-23.81,13.96
2024-06-20,-24.78,14.06
2024-06-21,-25.0,13.88
2024-06-24,-25.25,13.9
2024-06-25,-25.07,13.62
2024-06-26,-24.88,12.8
2024-06-27,-24.67,12.54
2024-06-28,-24.49,12.28
2024-07-01,-24.57,12.1
2024-07-02,-24.51,12.0
2024-07-03,-24.73,11.78
2024-07-04,-24.6,11.93
2024-07-05,-24.32,11.83
2024-07-08,-23.98,11.89
2024-07-09,-23.42,11.79
2024-07-10,-23.41,11.46
2024-07-11,-23.24,11.14
2024-07-12,-23.2,10.91
2024-07-15,-23.38,11.33
2024-07-16,-23.88,11.61
2024-07-17,-24.26,11.85
2024-07-18,-24.48,11.99
2024-07-19,-24.59,11.97
2024-07-22,-24.42,12.25
2024-07-23,-24.11,12.47
2024-07-24,-23.76,12.82
2024-07-25,-23.46,13.17
2024-07-26,-23.34,12.78
2024-07-29,-23.76,12.82
2024-07-30,-24.09,13.31
2024-07-31,-24.31,13.16
2024-08-01,-24.56,13.06
2024-08-02,-24.2,12.83
2024-08-05,-23.92,13.04
2024-08-06,-23.46,13.33
2024-08-07,-23.19,13.21
2024-08-08,-22.93,12.21
2024-08-09,-22.99,11.76
2024-08-12,-23.12,11.3
2024-08-13,-23.15,11.42
2024-08-14,-23.06,11.68
2024-08-15,-22.36,11.43
2024-08-16,-22.4,10.83
2024-08-19,-21.92,11.06
2024-08-20,-21.43,10.7
2024-08-21,-21.16,10.64
2024-08-22,-21.27,10.08
2024-08-23,-21.44,9.21
2024-08-26,-21.45,8.59
2024-08-27,-21.56,8.64
2024-08-28,-21.68,8.17
2024-08-29,-21.89,7.86
2024-08-30,-22.31,6.57
2024-09-02,-22.63,6.45
2024-09-03,-23.22,6.37
2024-09-04,-22.99,6.2
2024-09-05,-23.34,6.27
2024-09-06,-23.56,6.51
2024-09-09,-23.87,6.2
2024-09-10,-23.78,6.52
2024-09-11,-23.81,7.19
2024-09-12,-23.79,7.83
2024-09-13,-23.62,9.32
2024-09-16,-23.58,10.86
2024-09-17,-23.58,11.91
2024-09-18,-23.33,12.93
2024-09-19,-23.08,14.45
2024-09-20,-22.89,16.15
2024-09-23,-23.06,17.87
2024-09-24,-23.16,19.3
2024-09-25,-23.45,20.78
2024-09-26,-23.63,22.24
2024-09-27,-23.94,23.45
2024-09-30,-24.11,24.57
2024-10-01,-24.52,25.62
2024-10-02,-24.59,25.89
2024-10-03,-24.88,25.49
2024-10-04,-24.77,25.52
2024-10-07,-24.8,25.92
2024-10-08,-24.95,25.48
2024-10-09,-24.78,24.76
2024-10-10,-24.47,23.71
2024-10-11,-24.43,22.45
2024-10-14,-23.99,21.62
2024-10-15,-23.75,21.07
2024-10-16,-23.29,20.51
2024-10-17,-23.1,19.5
2024-10-18,-22.96,19.05
2024-10-21,-22.32,18.65
2024-10-22,-21.51,19.11
2024-10-23,-21.13,19.72
2024-10-24,-20.87,20.5
2024-10-25,-20.28,20.75
2024-10-28,-19.45,21.18
2024-10-29,-18.68,21.93
2024-10-30,-17.46,22.4
2024-10-31,-16.75,22.88
2024-11-01,-15.85,23.25
2024-11-04,-15.65,23.51
2024-11-05,-15.75,24.61
2024-11-06,-15.41,25.25
2024-11-07,-15.79,25.99
2024-11-08,-16.18,25.63
2024-11-11,-16.63,25.17
2024-11-12,-16.91,24.87
2024-11-13,-17.66,24.71
2024-11-14,-18.69,24.76
2024-11-15,-19.27,24.34
2024-11-18,-20.23,24.43
2024-11-19,-20.76,24.2
2024-11-20,-21.32,24.3
2024-11-21,-21.26,23.41
2024-11-22,-21.25,22.46
2024-11-25,-21.61,21.42
2024-11-26,-21.92,20.32
2024-11-27,-22.37,20.3
2024-11-28,-22.48,19.84
2024-11-29,-22.76,19.29
2024-12-02,-22.86,18.55
2024-12-03,-23.11,17.33
2024-12-04,-23.51,17.05
2024-12-05,-24.02,16.46
2024-12-06,-24.52,15.67
2024-12-09,-25.04,14.85
2024-12-10,-25.84,14.6
2024-12-11,-26.03,14.24
2024-12-12,-26.17,14.19
2024-12-13,-26.64,13.72
2024-12-16,-26.56,13.17
2024-12-17,-26.6,12.77
2024-12-18,-24.24,12.43
2024-12-19,-24.23,12.06
2024-12-20,-24.12,12.27
2024-12-23,-24.43,11.66
2024-12-24,-24.44,11.14
2024-12-25,-24.58,10.89
2024-12-26,-24.86,10.52
2024-12-27,-24.74,10.58
2024-12-30,-24.79,10.48
2024-12-31,-24.79,10.18
2025-01-01,-24.7,10.38
2025-01-02,-24.73,10.08
2025-01-03,-24.51,9.87
2025-01-06,-26.59,9.58
2025-01-07,-26.01,9.62
2025-01-08,-25.34,9.64
2025-01-09,-24.64,10.09
2025-01-10,-23.61,10.53
2025-01-13,-22.73,10.87
2025-01-14,-21.7,11.0
2025-01-15,-20.8,11.44
2025-01-16,-19.92,11.46
2025-01-17,-19.09,11.77
2025-01-20,-18.21,11.86
2025-01-21,-17.52,12.21
2025-01-22,-17.08,13.03
2025-01-23,-16.67,13.77
2025-01-24,-16.39,14.06
2025-01-27,-16.02,13.71
2025-01-28,-15.68,13.13
2025-01-29,-15.57,12.85
2025-01-30,-15.45,12.37
2025-01-31,-15.21,11.92
2025-02-03,-14.81,11.06
2025-02-04,-14.48,10.54
2025-02-05,-13.48,9.93
2025-02-06,-12.89,9.52
2025-02-07,-12.07,9.15
2025-02-10,-11.47,8.57
2025-02-11,-10.66,7.68
2025-02-12,-10.01,7.17
2025-02-13,-9.63,7.54
2025-02-14,-9.05,8.04
2025-02-17,-8.62,8.26
2025-02-18,-8.06,8.9
2025-02-19,-7.72,9.94
2025-02-20,-7.71,10.95
2025-02-21,-7.23,12.15
2025-02-24,-7.97,13.19
2025-02-25,-7.64,14.24
2025-02-26,-7.48,14.88
2025-02-27,-7.6,15.27
2025-02-28,-7.19,15.86
2025-03-03,-7.15,16.31
2025-03-04,-6.65,16.8
2025-03-05,-6.03,16.83
2025-03-06,-5.26,16.73
2025-03-07,-4.6,16.72
2025-03-10,-3.5,16.64
2025-03-11,-2.26,16.52
2025-03-12,-1.94,16.32
2025-03-13,-1.27,16.0
2025-03-14,-1.31,15.58
2025-03-17,-1.4,15.51
2025-03-18,-0.98,15.63
2025-03-19,-1.26,15.44
2025-03-20,-1.18,15.22
2025-03-21,-1.6,14.88
2025-03-24,-2.2,14.84
2025-03-25,-2.69,15.45
2025-03-26,-3.44,15.47
2025-03-27,-4.86,14.98
2025-03-28,-6.67,14.74
2025-03-31,-7.88,13.79
2025-04-01,-8.9,13.85
2025-04-02,-9.69,13.43
2025-04-03,-10.11,13.38
2025-04-04,-10.29,12.85
2025-04-07,-10.42,12.91
2025-04-08,-10.45,12.91
2025-04-09,-9.74,12.94
2025-04-10,-9.92,13.15
2025-04-11,-10.25,12.87
2025-04-14,-10.52,12.82
2025-04-15,-10.38,12.79
2025-04-16,-9.22,12.83
2025-04-17,-8.15,13.54
2025-04-18,-7.29,13.55
2025-04-21,-6.82,14.13
2025-04-22,-6.68,14.62
2025-04-23,-5.71,14.98
2025-04-24,-5.81,15.58
2025-04-25,-7.13,16.11
2025-04-28,-7.59,16.54
2025-04-29,-7.3,17.14
2025-04-30,-7.32,17.59
2025-05-01,-6.73,18.19
2025-05-02,-6.14,18.32
2025-05-05,-5.96,18.36
2025-05-06,-6.2,18.57
2025-05-07,-5.74,18.56
2025-05-08,-5.44,18.41
2025-05-09,-5.02,18.07
2025-05-12,-5.9,18.15
2025-05-13,-6.15,18.07
2025-05-14,-4.85,18.0
2025-05-15,-5.07,17.73
2025-05-16,-5.02,17.37
2025-05-19,-4.95,17.31
2025-05-20,-5.19,17.0
2025-05-21,-4.46,17.35
2025-05-22,-5.07,17.62
2025-05-23,-5.38,17.14
2025-05-26,-5.9,16.69
2025-05-27,-6.17,15.72
2025-05-28,-6.46,14.94
2025-05-29,-5.66,14.09
2025-05-30,-4.26,12.92
2025-06-02,-3.97,12.0
2025-06-03,-3.67,11.24
2025-06-04,-3.55,10.06
2025-06-05,-3.36,8.65
2025-06-06,-2.97,7.52
2025-06-09,-3.6,6.96
2025-06-10,-3.38,6.36
2025-06-11,-3.16,6.0
2025-06-12,-3.18,5.67
2025-06-13,-3.2,6.19
2025-06-16,-3.55,6.36
2025-06-17,-4.74,6.94
2025-06-18,-6.11,7.16
2025-06-19,-6.98,7.34
2025-06-20,-7.66,7.56
2025-06-23,-8.24,7.91
2025-06-24,-8.73,8.01
2025-06-25,-9.32,8.13
2025-06-26,-9.72,7.73
2025-06-27,-10.04,7.77
2025-06-30,-10.16,7.9
2025-07-01,-10.43,8.64
2025-07-02,-10.67,8.48
2025-07-03,-10.52,8.51
2025-07-04,-10.34,8.32
2025-07-07,-9.97,8.31
2025-07-08,-9.59,8.77
2025-07-09,-9.29,8.5
2025-07-10,-9.32,8.46
2025-07-11,-9.24,9.21
2025-07-14,-9.35,9.93
2025-07-15,-9.52,10.62
2025-07-16,-9.54,10.43
2025-07-17,-9.77,10.33
2025-07-18,-9.75,9.51
2025-07-21,-9.89,9.3
2025-07-22,-10.02,9.42
2025-07-23,-10.05,9.31
2025-07-24,-10.32,9.19
2025-07-25,-10.54,8.71
2025-07-28,-10.77,9.16
2025-07-29,-10.81,9.77
2025-07-30,-10.89,9.83
2025-07-31,-10.9,9.6
2025-08-01,-10.82,9.37
2025-08-04,-11.01,9.82
2025-08-05,-11.09,10.61
2025-08-06,-11.06,11.36
2025-08-07,-11.13,12.08
2025-08-08,-10.93,12.19
2025-08-11,-11.4,12.69
2025-08-12,-11.75,13.66
2025-08-13,-12.04,14.16
2025-08-14,-12.66,14.33
2025-08-15,-13.08,14.43
2025-08-18,-13.64,14.44
2025-08-19,-14.27,14.58
2025-08-20,-15.03,14.55
2025-08-21,-15.67,14.53
2025-08-22,-16.31,14.3
2025-08-25,-16.99,14.13
2025-08-26,-17.1,13.95
2025-08-27,-17.72,14.15
2025-08-28,-17.9,14.54
2025-08-29,-18.22,14.29
2025-09-01,-18.62,14.57
2025-09-02,-18.59,14.33
2025-09-03,-18.86,13.66
2025-09-04,-18.94,13.09
2025-09-05,-18.95,12.97
2025-09-08,-18.87,13.0
2025-09-09,-18.68,12.9
2025-09-10,-18.44,12.78
2025-09-11,-18.29,12.53
2025-09-12,-18.43,7.12
2025-09-15,-18.51,7.14
2025-09-16,-18.44,6.5
2025-09-17,-17.94,5.94
2025-09-18,-17.52,5.63
2025-09-19,-17.01,6.61
2025-09-22,-16.62,7.84
2025-09-23,-16.34,9.1
2025-09-24,-16.09,9.88
2025-09-25,-15.89,10.43
2025-09-26,-15.62,11.04
2025-09-29,-15.28,11.62
2025-09-30,-14.97,12.29
2025-10-01,-14.64,17.79
2025-10-02,-14.46,17.76
2025-10-03,-14.24,17.88
2025-10-06,-14.2,18.48
2025-10-07,-13.85,18.72
2025-10-08,-13.81,17.89
2025-10-09,-13.66,17.34
2025-10-10,-13.05,17.04
2025-10-13,-12.7,17.09
2025-10-14,-12.17,17.22
2025-10-15,-11.59,17.42
2025-10-16,-11.15,17.43
2025-10-17,-10.57,17.9
2025-10-20,-10.02,18.61
2025-10-21,-9.47,18.94
2025-10-22,-8.63,19.35
2025-10-23,-7.84,19.76
2025-10-24,-7.33,19.59
2025-10-27,-6.62,19.77
2025-10-28,-6.08,19.64
2025-10-29,-5.68,19.29
2025-10-30,-5.23,18.82
2025-10-31,-4.7,18.51
2025-11-03,-4.12,17.88
2025-11-04,-3.49,17.7
2025-11-05,-3.1,17.1
2025-11-06,-2.78,16.66
2025-11-07,-2.16,16.75
2025-11-10,-2.16,16.66
2025-11-11,-2.42,16.51
2025-11-12,-2.42,16.76
2025-11-13,-2.55,16.83
2025-11-14,-2.39,16.95
2025-11-17,-2.49,17.2
2025-11-18,-2.31,16.73
2025-11-19,-2.39,16.24
2025-11-20,-2.51,16.2
2025-11-21,-2.8,15.93
2025-11-24,-2.87,15.61
2025-11-25,-2.87,15.58
2025-11-26,-2.86,15.47
2025-11-27,-2.49,15.47
2025-11-28,-2.11,15.31
2025-12-01,-1.81,15.31
2025-12-02,-1.39,15.55
2025-12-03,-1.05,16.35
2025-12-04,-0.7,16.87
2025-12-05,-0.27,17.97
2025-12-08,-0.12,19.32
2025-12-09,0.22,20.15
2025-12-10,0.36,21.12
2025-12-11,0.25,22.33
2025-12-12,0.25,22.95
2025-12-15,0.47,23.71
2025-12-16,0.47,23.76
2025-12-17,0.56,23.88
2025-12-18,0.58,24.16
2025-12-19,0.51,24.23
2025-12-22,0.61,24.47
2025-12-23,1.22,24.26
2025-12-24,1.68,24.09
2025-12-25,2.32,23.84
2025-12-26,2.28,24.1
2025-12-29,2.64,24.35
2025-12-30,3.22,24.51
2025-12-31,3.41,24.86
2026-01-01,3.64,24.99
2026-01-07,4.12,25.66
2026-01-13,4.55,26.04
2026-01-19,4.76,26.1
2026-01-23,5.31,26.36
2026-01-29,5.8,25.92
2026-02-04,5.61,26.07
2026-02-10,5.54,26.16
2026-02-16,5.48,26.05
2026-02-20,6.01,25.61
2026-02-26,5.77,24.95
2026-03-04,5.28,24.34
2026-03-10,4.76,23.91
2026-03-16,3.85,23.2
2026-03-20,2.92,22.74
2026-03-26,2.11,22.59
2026-04-01,2.11,22.57
2026-04-07,1.46,22.2
2026-04-13,1.03,21.76
2026-04-17,-0.1,21.23
2026-04-23,-1.22,20.69
2026-04-29,-2.61,20.19
2026-05-05,-4.62,19.63
2026-05-11,-5.73,19.06
2026-05-15,-7.16,18.43
2026-05-21,-8.43,17.73
2026-05-27,-9.62,17.3
2026-06-02,-10.46,16.58
2026-06-08,-11.06,15.96
2026-06-12,-12.29,15.23
2026-06-18,-13.05,14.88
2026-06-24,-14.54,14.66
2026-06-30,-14.91,14.55
2026-07-06,-15.36,14.5
2026-07-10,-15.65,14.6
2026-07-16,-15.94,14.77
2026-07-22,-16.25,14.99
2026-07-28,-16.27,15.36
2026-08-03,-15.97,15.74
2026-08-07,-15.89,16.11
2026-08-13,-16.79,16.91
2026-08-19,-17.82,17.54
2026-08-25,-18.46,18.14
2026-08-31,-19.31,18.64
2026-09-04,-19.7,19.05
2026-09-10,-20.1,19.43
2026-09-16,-20.44,19.85
2026-09-22,-20.79,20.08
2026-09-28,-20.87,20.33
2026-10-02,-20.97,20.79
2026-10-08,-20.76,21.39
2026-10-14,-20.5,21.72
2026-10-20,-20.07,22.29
2026-10-26,-18.9,22.59
2026-10-30,-17.91,22.94
2026-11-05,-17.19,23.61
2026-11-11,-16.55,24.2
2026-11-17,-16.18,24.48
2026-11-23,-15.89,24.84
2026-11-27,-15.69,25.23
2026-12-03,-15.18,25.85
2026-12-09,-14.42,26.54
2026-12-15,-13.82,27.04
